id,type,tags,geometry,parsed_tags,has_address,has_building,geometry_parsed
25624123,node,"{'addr:postcode': '5430-403', 'capital': '7', 'name': 'Valpaços', 'name:ru': 'Валпасуш', 'place': 'city', 'population': '4012', 'population:date': '2011', 'wikidata': 'Q757856', 'wikipedia': 'pt:Valpaços'}",POINT (-7.3108525 41.6067883),"{'addr:postcode': '5430-403', 'capital': '7', 'name': 'Valpaços', 'name:ru': 'Валпасуш', 'place': 'city', 'population': '4012', 'population:date': '2011', 'wikidata': 'Q757856', 'wikipedia': 'pt:Valpaços'}",True,False,POINT (-7.3108525 41.6067883)
26860417,node,"{'access': 'customers', 'addr:city': 'Braga', 'addr:postcode': '4715-214', 'capacity:caravans': '40', 'capacity:tents': '60', 'caravans': 'yes', 'check_date': '2023-11-27', 'contact:phone': '+351 253 273 355', 'contact:website': 'https://www.cm-braga.pt/pt/1201/conhecer/alojamento/parque-de-campismo-e-pousada-da-juventude/item/item-1-859', 'email': 'parque.campismo@cm-braga.pt', 'fee': 'yes', 'name': 'Parque de Campismo e Caravanismo Municipal de Braga', 'opening_hours': '08:00-23:00', 'short_name': 'Parque de Campismo de Braga', 'tents': 'yes', 'tourism': 'camp_site'}",POINT (-8.4219647 41.5385285),"{'access': 'customers', 'addr:city': 'Braga', 'addr:postcode': '4715-214', 'capacity:caravans': '40', 'capacity:tents': '60', 'caravans': 'yes', 'check_date': '2023-11-27', 'contact:phone': '+351 253 273 355', 'contact:website': 'https://www.cm-braga.pt/pt/1201/conhecer/alojamento/parque-de-campismo-e-pousada-da-juventude/item/item-1-859', 'email': 'parque.campismo@cm-braga.pt', 'fee': 'yes', 'name': 'Parque de Campismo e Caravanismo Municipal de Braga', 'opening_hours': '08:00-23:00', 'short_name': 'Parque de Campismo de Braga', 'tents': 'yes', 'tourism': 'camp_site'}",True,False,POINT (-8.4219647 41.5385285)
31236403,node,"{'addr:postcode': '3600-011', 'name': 'Bustelo', 'place': 'hamlet'}",POINT (-7.7728608 40.9674808),"{'addr:postcode': '3600-011', 'name': 'Bustelo', 'place': 'hamlet'}",True,False,POINT (-7.7728608 40.9674808)
46756926,node,"{'addr:city': 'Faro', 'addr:postcode': '8000-133', 'addr:street': 'Largo da Estação dos Caminhos de Ferro', 'ele': '5', 'name': 'Faro', 'nat_ref': '73007', 'official_name': 'Estação Ferroviária de Faro', 'operator': 'Infraestruturas de Portugal, S.A.', 'operator:wikidata': 'Q20730106', 'operator:wikipedia': 'pt:Infraestruturas de Portugal', 'public_transport': 'station', 'railway': 'station', 'railway:position': '83.5', 'railway:ref': 'FAR', 'start_date': '1889-07-01', 'train': 'yes', 'website': 'https://www.cp.pt/passageiros/en/train-times/Stations/faro-station', 'wheelchair': 'yes', 'wikidata': 'Q8779773', 'wikipedia': 'pt:Estação Ferroviária de Faro'}",POINT (-7.940441 37.0192583),"{'addr:city': 'Faro', 'addr:postcode': '8000-133', 'addr:street': 'Largo da Estação dos Caminhos de Ferro', 'ele': '5', 'name': 'Faro', 'nat_ref': '73007', 'official_name': 'Estação Ferroviária de Faro', 'operator': 'Infraestruturas de Portugal, S.A.', 'operator:wikidata': 'Q20730106', 'operator:wikipedia': 'pt:Infraestruturas de Portugal', 'public_transport': 'station', 'railway': 'station', 'railway:position': '83.5', 'railway:ref': 'FAR', 'start_date': '1889-07-01', 'train': 'yes', 'website': 'https://www.cp.pt/passageiros/en/train-times/Stations/faro-station', 'wheelchair': 'yes', 'wikidata': 'Q8779773', 'wikipedia': 'pt:Estação Ferroviária de Faro'}",True,False,POINT (-7.940441 37.0192583)
196096846,node,"{'addr:city': 'Sesimbra', 'addr:street': 'Avenida 25 de Abril', 'amenity': 'restaurant', 'cuisine': 'regional', 'diet:meat': 'yes', 'diet:omnivore': 'yes', 'diet:pescetarian': 'yes', 'name': 'Restaurante Tisaura'}",POINT (-9.1308072 38.4483021),"{'addr:city': 'Sesimbra', 'addr:street': 'Avenida 25 de Abril', 'amenity': 'restaurant', 'cuisine': 'regional', 'diet:meat': 'yes', 'diet:omnivore': 'yes', 'diet:pescetarian': 'yes', 'name': 'Restaurante Tisaura'}",True,False,POINT (-9.1308072 38.4483021)
197571868,node,"{'addr:city': 'Sesimbra', 'addr:postcode': '2970', 'name': 'Santana', 'place': 'hamlet'}",POINT (-9.1029827 38.4613673),"{'addr:city': 'Sesimbra', 'addr:postcode': '2970', 'name': 'Santana', 'place': 'hamlet'}",True,False,POINT (-9.1029827 38.4613673)
201647177,node,"{'addr:city': 'Monchique', 'addr:postcode': '8550', 'addr:street': 'Sítio do Porto Escuro', 'amenity': 'restaurant', 'cuisine': 'regional', 'email': 'info@jardimdasoliveiras.com', 'name': 'Jardim das Oliveiras', 'operator': 'IguariaSafira, Lda', 'outdoor_seating': 'yes', 'phone': '+351 966 249 070;+351 913 081 349;+351 282 912 874', 'ref:vatin': 'PT 510 791 115', 'smoking': 'separated', 'website': 'https://www.jardimdasoliveiras.com/', 'wheelchair': 'limited'}",POINT (-8.5654756 37.3136109),"{'addr:city': 'Monchique', 'addr:postcode': '8550', 'addr:street': 'Sítio do Porto Escuro', 'amenity': 'restaurant', 'cuisine': 'regional', 'email': 'info@jardimdasoliveiras.com', 'name': 'Jardim das Oliveiras', 'operator': 'IguariaSafira, Lda', 'outdoor_seating': 'yes', 'phone': '+351 966 249 070;+351 913 081 349;+351 282 912 874', 'ref:vatin': 'PT 510 791 115', 'smoking': 'separated', 'website': 'https://www.jardimdasoliveiras.com/', 'wheelchair': 'limited'}",True,False,POINT (-8.5654756 37.3136109)
206385946,node,"{'addr:city': 'Coimbra', 'addr:housenumber': '81-85', 'addr:postcode': '3030-175', 'addr:street': 'Rua do Brasil', 'amenity': 'restaurant', 'branch': 'Coimbra', 'contact:facebook': 'outbeco.pt', 'contact:instagram': 'outbeco.pt', 'name': 'Outbêco', 'website': 'https://outbeco.pt'}",POINT (-8.4191685 40.2004817),"{'addr:city': 'Coimbra', 'addr:housenumber': '81-85', 'addr:postcode': '3030-175', 'addr:street': 'Rua do Brasil', 'amenity': 'restaurant', 'branch': 'Coimbra', 'contact:facebook': 'outbeco.pt', 'contact:instagram': 'outbeco.pt', 'name': 'Outbêco', 'website': 'https://outbeco.pt'}",True,False,POINT (-8.4191685 40.2004817)
239717466,node,"{'addr:city': 'Soure', 'addr:postcode': '3130-000', 'addr:street': 'Cruz Nova', 'amenity': 'fuel', 'brand': 'Repsol', 'check_date': '2025-08-26', 'fuel:lpg': 'yes', 'name': 'E.S. SOURE', 'source': 'Direção-Geral de Energia e Geologia', 'source:url': 'https://precoscombustiveis.dgeg.gov.pt/'}",POINT (-8.6185533 40.0640075),"{'addr:city': 'Soure', 'addr:postcode': '3130-000', 'addr:street': 'Cruz Nova', 'amenity': 'fuel', 'brand': 'Repsol', 'check_date': '2025-08-26', 'fuel:lpg': 'yes', 'name': 'E.S. SOURE', 'source': 'Direção-Geral de Energia e Geologia', 'source:url': 'https://precoscombustiveis.dgeg.gov.pt/'}",True,False,POINT (-8.6185533 40.0640075)
250105490,node,"{'addr:city': 'Meãs', 'addr:postcode': '3220-115', 'addr:street': 'Rua Trás das Casas 29', 'amenity': 'fuel', 'check_date': '2025-08-25', 'fuel:lpg': 'yes', 'name': 'Gasodueça', 'operator': 'Gasodueça', 'source': 'Direção-Geral de Energia e Geologia', 'source:url': 'https://precoscombustiveis.dgeg.gov.pt/'}",POINT (-8.3180745 40.0830005),"{'addr:city': 'Meãs', 'addr:postcode': '3220-115', 'addr:street': 'Rua Trás das Casas 29', 'amenity': 'fuel', 'check_date': '2025-08-25', 'fuel:lpg': 'yes', 'name': 'Gasodueça', 'operator': 'Gasodueça', 'source': 'Direção-Geral de Energia e Geologia', 'source:url': 'https://precoscombustiveis.dgeg.gov.pt/'}",True,False,POINT (-8.3180745 40.0830005)
250105863,node,"{'addr:city': 'Miranda do Corvo', 'addr:postcode': '3220-209', 'addr:street': 'Rua do Cruzeiro', 'amenity': 'pharmacy', 'name': 'Farmácia Lima Natário', 'phone': '+351 239532080'}",POINT (-8.3330521 40.0939847),"{'addr:city': 'Miranda do Corvo', 'addr:postcode': '3220-209', 'addr:street': 'Rua do Cruzeiro', 'amenity': 'pharmacy', 'name': 'Farmácia Lima Natário', 'phone': '+351 239532080'}",True,False,POINT (-8.3330521 40.0939847)
251211318,node,"{'building': 'public', 'name': 'IAPMEI'}",POINT (-7.9177094 40.6559905),"{'building': 'public', 'name': 'IAPMEI'}",False,True,POINT (-7.9177094 40.6559905)
251572920,node,"{'addr:city': 'Coimbra', 'addr:hamlet': 'Urbanização Quinta Dom João', 'addr:housenumber': 'Lote 9', 'addr:postcode': '3030-020', 'addr:street': 'Praça Mestre Pero', 'amenity': 'cafe', 'contact:facebook': 'cafedomjoao', 'name': 'Café Dom João', 'opening_hours': 'Mo-Sa 08:00-02:00', 'phone': '+351 239 193 353'}",POINT (-8.4173708 40.1996647),"{'addr:city': 'Coimbra', 'addr:hamlet': 'Urbanização Quinta Dom João', 'addr:housenumber': 'Lote 9', 'addr:postcode': '3030-020', 'addr:street': 'Praça Mestre Pero', 'amenity': 'cafe', 'contact:facebook': 'cafedomjoao', 'name': 'Café Dom João', 'opening_hours': 'Mo-Sa 08:00-02:00', 'phone': '+351 239 193 353'}",True,False,POINT (-8.4173708 40.1996647)
251572927,node,"{'addr:city': 'Coimbra', 'addr:housenumber': '24', 'addr:postcode': '3030-020', 'addr:street': 'Praça Mestre Pero', 'contact:facebook': 'higiprev', 'contact:instagram': 'higiprevlda', 'description': 'Empresa de Prestação de Serviços Externos na área de Segurança e Saúde no Trabalho, Higiene e Segurança Alimentar, Controlo de Pragas e Formação', 'name': 'Higiprev', 'office': 'company', 'phone': '+351 239 717 787', 'website': 'https://higiprev.wixsite.com/higiprev'}",POINT (-8.4168227 40.2000511),"{'addr:city': 'Coimbra', 'addr:housenumber': '24', 'addr:postcode': '3030-020', 'addr:street': 'Praça Mestre Pero', 'contact:facebook': 'higiprev', 'contact:instagram': 'higiprevlda', 'description': 'Empresa de Prestação de Serviços Externos na área de Segurança e Saúde no Trabalho, Higiene e Segurança Alimentar, Controlo de Pragas e Formação', 'name': 'Higiprev', 'office': 'company', 'phone': '+351 239 717 787', 'website': 'https://higiprev.wixsite.com/higiprev'}",True,False,POINT (-8.4168227 40.2000511)
251572995,node,"{'addr:city': 'Coimbra', 'addr:housenumber': '93', 'addr:postcode': '3030', 'addr:street': 'Rua do Brasil', 'disused:amenity': 'restaurant', 'disused:name': 'Cantinho dos Grelhados', 'shop': 'vacant'}",POINT (-8.4187898 40.2006409),"{'addr:city': 'Coimbra', 'addr:housenumber': '93', 'addr:postcode': '3030', 'addr:street': 'Rua do Brasil', 'disused:amenity': 'restaurant', 'disused:name': 'Cantinho dos Grelhados', 'shop': 'vacant'}",True,False,POINT (-8.4187898 40.2006409)
251574333,node,"{'addr:housenumber': '63', 'addr:postcode': '3030-175', 'addr:street': 'Rua do Brasil', 'amenity': 'pub', 'contact:facebook': 'petisqueira.seminario', 'cuisine': 'regional', 'name': 'Seminário', 'opening_hours': 'Mo-Sa 11:00-00:00', 'phone': '+351 917 557 082'}",POINT (-8.4195902 40.2002793),"{'addr:housenumber': '63', 'addr:postcode': '3030-175', 'addr:street': 'Rua do Brasil', 'amenity': 'pub', 'contact:facebook': 'petisqueira.seminario', 'cuisine': 'regional', 'name': 'Seminário', 'opening_hours': 'Mo-Sa 11:00-00:00', 'phone': '+351 917 557 082'}",True,False,POINT (-8.4195902 40.2002793)
251607375,node,"{'addr:city': 'Coimbra', 'addr:hamlet': 'Quinta de Dom João', 'addr:housenumber': 'Lote 10', 'addr:postcode': '3030-413', 'addr:street': 'Praça Mestre Pero', 'amenity': 'cafe', 'cuisine': 'coffee_shop;regional', 'name': 'Tasquinha do João', 'opening_hours': 'Mo-Fr 09:00-23:00; Sa 09:00-15:00', 'outdoor_seating': 'yes', 'phone': '+351 239 402 100', 'website': 'tasquinhadojoao.eatbu.com'}",POINT (-8.4171665 40.1998076),"{'addr:city': 'Coimbra', 'addr:hamlet': 'Quinta de Dom João', 'addr:housenumber': 'Lote 10', 'addr:postcode': '3030-413', 'addr:street': 'Praça Mestre Pero', 'amenity': 'cafe', 'cuisine': 'coffee_shop;regional', 'name': 'Tasquinha do João', 'opening_hours': 'Mo-Fr 09:00-23:00; Sa 09:00-15:00', 'outdoor_seating': 'yes', 'phone': '+351 239 402 100', 'website': 'tasquinhadojoao.eatbu.com'}",True,False,POINT (-8.4171665 40.1998076)
251634933,node,"{'addr:city': 'Coimbra', 'addr:housenumber': '56', 'addr:postcode': '3030-175', 'addr:street': 'Rua do Brasil', 'amenity': 'restaurant', 'name': 'Francesinhas & Cª'}",POINT (-8.4203812 40.1997995),"{'addr:city': 'Coimbra', 'addr:housenumber': '56', 'addr:postcode': '3030-175', 'addr:street': 'Rua do Brasil', 'amenity': 'restaurant', 'name': 'Francesinhas & Cª'}",True,False,POINT (-8.4203812 40.1997995)
251898013,node,"{'addr:city': 'Coimbra', 'addr:housenumber': '4', 'addr:postcode': '3030-059', 'addr:street': 'Rua Daniel de Matos', 'amenity': 'cafe', 'contact:facebook': 'Café-Esquininha-177821126001927', 'cuisine': 'regional', 'name': 'Esquininha', 'opening_hours': 'Mo-Sa 12:00-02:00;Su 15:00-23:45', 'phone': '+351 239 780 068'}",POINT (-8.4117893 40.1998915),"{'addr:city': 'Coimbra', 'addr:housenumber': '4', 'addr:postcode': '3030-059', 'addr:street': 'Rua Daniel de Matos', 'amenity': 'cafe', 'contact:facebook': 'Café-Esquininha-177821126001927', 'cuisine': 'regional', 'name': 'Esquininha', 'opening_hours': 'Mo-Sa 12:00-02:00;Su 15:00-23:45', 'phone': '+351 239 780 068'}",True,False,POINT (-8.4117893 40.1998915)
251900607,node,"{'addr:city': 'Coimbra', 'addr:housenumber': '28', 'addr:postcode': '3030-049', 'addr:street': 'Rua Daniel de Matos', 'amenity': 'cafe', 'contact:facebook': 'cafemonacocoimbra', 'contact:instagram': 'cafemonacocoimbra', 'name': 'Mónaco', 'opening_hours': 'Mo-Th, Su 12:00-00:00; Fr, Sa 12:00-02:00', 'phone': '+351 239 403 206'}",POINT (-8.411797 40.1993043),"{'addr:city': 'Coimbra', 'addr:housenumber': '28', 'addr:postcode': '3030-049', 'addr:street': 'Rua Daniel de Matos', 'amenity': 'cafe', 'contact:facebook': 'cafemonacocoimbra', 'contact:instagram': 'cafemonacocoimbra', 'name': 'Mónaco', 'opening_hours': 'Mo-Th, Su 12:00-00:00; Fr, Sa 12:00-02:00', 'phone': '+351 239 403 206'}",True,False,POINT (-8.411797 40.1993043)
251902237,node,"{'addr:housenumber': '86', 'addr:street': 'Rua Daniel de Matos', 'amenity': 'cafe', 'check_date': '2022-09-27', 'contact:facebook': 'tettriscafe', 'cuisine': 'regional;tapas;sandwich', 'internet_access': 'wlan', 'internet_access:fee': 'customers', 'name': 'Tettris', 'opening_hours': 'Mo-Fr 08:00-02:00; Su 09:00-02:00', 'outdoor_seating': 'yes', 'payment:credit_cards': 'yes', 'payment:debit_cards': 'yes', 'payment:mastercard': 'yes', 'payment:visa': 'yes', 'phone': '+351 239 405 071', 'wheelchair': 'no'}",POINT (-8.411823 40.1980646),"{'addr:housenumber': '86', 'addr:street': 'Rua Daniel de Matos', 'amenity': 'cafe', 'check_date': '2022-09-27', 'contact:facebook': 'tettriscafe', 'cuisine': 'regional;tapas;sandwich', 'internet_access': 'wlan', 'internet_access:fee': 'customers', 'name': 'Tettris', 'opening_hours': 'Mo-Fr 08:00-02:00; Su 09:00-02:00', 'outdoor_seating': 'yes', 'payment:credit_cards': 'yes', 'payment:debit_cards': 'yes', 'payment:mastercard': 'yes', 'payment:visa': 'yes', 'phone': '+351 239 405 071', 'wheelchair': 'no'}",True,False,POINT (-8.411823 40.1980646)
251908676,node,"{'addr:city': 'Coimbra', 'addr:housenumber': '168', 'addr:postcode': '3030-996', 'addr:street': 'Rua Paulo Quintela', 'amenity': 'post_office', 'branch': 'Loja Vale das Flores', 'name': 'Loja CTT', 'opening_hours': 'Mo-Fr 09:00-18:00', 'phone': '+351 210 471 616'}",POINT (-8.4075594 40.1966438),"{'addr:city': 'Coimbra', 'addr:housenumber': '168', 'addr:postcode': '3030-996', 'addr:street': 'Rua Paulo Quintela', 'amenity': 'post_office', 'branch': 'Loja Vale das Flores', 'name': 'Loja CTT', 'opening_hours': 'Mo-Fr 09:00-18:00', 'phone': '+351 210 471 616'}",True,False,POINT (-8.4075594 40.1966438)
252015614,node,"{'addr:city': 'Coimbra', 'addr:housenumber': '70', 'addr:street': 'Rua do Brasil', 'amenity': 'pharmacy', 'name': 'Farmácia Rocha', 'phone': '+351 239 711 526'}",POINT (-8.4199765 40.1999676),"{'addr:city': 'Coimbra', 'addr:housenumber': '70', 'addr:street': 'Rua do Brasil', 'amenity': 'pharmacy', 'name': 'Farmácia Rocha', 'phone': '+351 239 711 526'}",True,False,POINT (-8.4199765 40.1999676)
252024620,node,"{'addr:city': 'Coimbra', 'addr:floor': '0', 'addr:housenumber': '23', 'addr:postcode': '3030-182', 'addr:street': 'Travessa dos Combatentes da Grande Guerra', 'branch': 'Coimbra - Combatentes', 'brand': 'Pingo Doce', 'brand:wikidata': 'Q1575057', 'brand:wikipedia': 'pt:Pingo Doce', 'check_date': '2022-07-02', 'contact:facebook': 'pingodoce', 'contact:instagram': 'pingodoce', 'contact:linkedin': 'https://www.linkedin.com/company/pingo-doce', 'contact:phone': '+351 938 875 323', 'contact:tiktok': 'pingodoce', 'contact:youtube': 'pingodocept', 'level': '0', 'name': 'Pingo Doce', 'opening_hours': 'Mo-Su 08:00-21:00; easter 08:00-14:00', 'payment:coins': 'yes', 'payment:credit_cards': 'yes', 'payment:debit_cards': 'yes', 'payment:mastercard': 'yes', 'payment:notes': 'yes', 'payment:visa': 'yes', 'ref': '323', 'shop': 'supermarket', 'source:contact': 'website', 'source:opening_hours': 'website', 'website': 'https://www.pingodoce.pt/lojas/coimbra-combatentes/'}",POINT (-8.4132792 40.2024478),"{'addr:city': 'Coimbra', 'addr:floor': '0', 'addr:housenumber': '23', 'addr:postcode': '3030-182', 'addr:street': 'Travessa dos Combatentes da Grande Guerra', 'branch': 'Coimbra - Combatentes', 'brand': 'Pingo Doce', 'brand:wikidata': 'Q1575057', 'brand:wikipedia': 'pt:Pingo Doce', 'check_date': '2022-07-02', 'contact:facebook': 'pingodoce', 'contact:instagram': 'pingodoce', 'contact:linkedin': 'https://www.linkedin.com/company/pingo-doce', 'contact:phone': '+351 938 875 323', 'contact:tiktok': 'pingodoce', 'contact:youtube': 'pingodocept', 'level': '0', 'name': 'Pingo Doce', 'opening_hours': 'Mo-Su 08:00-21:00; easter 08:00-14:00', 'payment:coins': 'yes', 'payment:credit_cards': 'yes', 'payment:debit_cards': 'yes', 'payment:mastercard': 'yes', 'payment:notes': 'yes', 'payment:visa': 'yes', 'ref': '323', 'shop': 'supermarket', 'source:contact': 'website', 'source:opening_hours': 'website', 'website': 'https://www.pingodoce.pt/lojas/coimbra-combatentes/'}",True,False,POINT (-8.4132792 40.2024478)
252520300,node,"{'addr:housenumber': '3', 'addr:postcode': '3000-186', 'addr:street': 'Rua Augusto Filipe Simões', 'amenity': 'pub', 'check_date': '2022-12-19', 'contact:facebook': 'tabernacasacosta', 'cuisine': 'regional', 'name': 'Taberna Casa Costa', 'opening_hours': 'Mo-Fr, Su 07:00-00:00', 'outdoor_seating': 'yes', 'phone': '+351 239 717 739', 'website': 'https://www.restaurantetabernacasacosta.pt/'}",POINT (-8.4172197 40.2061258),"{'addr:housenumber': '3', 'addr:postcode': '3000-186', 'addr:street': 'Rua Augusto Filipe Simões', 'amenity': 'pub', 'check_date': '2022-12-19', 'contact:facebook': 'tabernacasacosta', 'cuisine': 'regional', 'name': 'Taberna Casa Costa', 'opening_hours': 'Mo-Fr, Su 07:00-00:00', 'outdoor_seating': 'yes', 'phone': '+351 239 717 739', 'website': 'https://www.restaurantetabernacasacosta.pt/'}",True,False,POINT (-8.4172197 40.2061258)
252652559,node,"{'addr:city': 'Eiras', 'addr:housenumber': '2', 'addr:street': 'Rua da Cruz Nova', 'amenity': 'pharmacy', 'name': 'Farmácia Barros', 'phone': '+351 239431643', 'wheelchair': 'yes'}",POINT (-8.4215193 40.2505855),"{'addr:city': 'Eiras', 'addr:housenumber': '2', 'addr:street': 'Rua da Cruz Nova', 'amenity': 'pharmacy', 'name': 'Farmácia Barros', 'phone': '+351 239431643', 'wheelchair': 'yes'}",True,False,POINT (-8.4215193 40.2505855)
253165590,node,"{'amenity': 'arts_centre', 'building': 'yes', 'name': 'Associação Cultural e Recreativa da Juventude do Espinho'}",POINT (-8.2909386 40.0857975),"{'amenity': 'arts_centre', 'building': 'yes', 'name': 'Associação Cultural e Recreativa da Juventude do Espinho'}",False,True,POINT (-8.2909386 40.0857975)
253226435,node,"{'addr:city': 'Miranda do Corvo', 'addr:housenumber': '34', 'addr:postcode': '3220-205', 'addr:street': 'R. João Paulo II', 'brand': 'Auchan', 'brand:wikidata': 'Q758603', 'name': 'Auchan', 'shop': 'supermarket'}",POINT (-8.3269692 40.0890881),"{'addr:city': 'Miranda do Corvo', 'addr:housenumber': '34', 'addr:postcode': '3220-205', 'addr:street': 'R. João Paulo II', 'brand': 'Auchan', 'brand:wikidata': 'Q758603', 'name': 'Auchan', 'shop': 'supermarket'}",True,False,POINT (-8.3269692 40.0890881)
255390120,node,"{'addr:postcode': '3600-011', 'capital': '8', 'name': 'Almofala', 'place': 'village', 'population': '228', 'population:date': '2011', 'wikidata': 'Q64353', 'wikimedia_commons': 'Category:Almofala (Castro Daire)', 'wikipedia': 'en:Almofala'}",POINT (-7.7933527 40.9541684),"{'addr:postcode': '3600-011', 'capital': '8', 'name': 'Almofala', 'place': 'village', 'population': '228', 'population:date': '2011', 'wikidata': 'Q64353', 'wikimedia_commons': 'Category:Almofala (Castro Daire)', 'wikipedia': 'en:Almofala'}",True,False,POINT (-7.7933527 40.9541684)
256583354,node,"{'addr:city': 'Lisboa', 'addr:postcode': '1700-354', 'addr:street': 'turning_loop'}",POINT (-9.1456859 38.751423),"{'addr:city': 'Lisboa', 'addr:postcode': '1700-354', 'addr:street': 'turning_loop'}",True,False,POINT (-9.1456859 38.751423)
258137754,node,"{'addr:city': 'Povos', 'addr:postcode': '2600-000', 'addr:street': 'EN 1 Km 24,7', 'amenity': 'fuel', 'brand': 'Galp', 'brand:wikidata': 'Q1492739', 'brand:wikipedia': 'en:Galp Energia', 'check_date': '2025-08-25', 'fuel:lpg': 'yes', 'name': 'GALP VILA FRANCA XIRA', 'source': 'Direção-Geral de Energia e Geologia', 'source:url': 'https://precoscombustiveis.dgeg.gov.pt/', 'wheelchair': 'limited'}",POINT (-8.9834599 38.9654485),"{'addr:city': 'Povos', 'addr:postcode': '2600-000', 'addr:street': 'EN 1 Km 24,7', 'amenity': 'fuel', 'brand': 'Galp', 'brand:wikidata': 'Q1492739', 'brand:wikipedia': 'en:Galp Energia', 'check_date': '2025-08-25', 'fuel:lpg': 'yes', 'name': 'GALP VILA FRANCA XIRA', 'source': 'Direção-Geral de Energia e Geologia', 'source:url': 'https://precoscombustiveis.dgeg.gov.pt/', 'wheelchair': 'limited'}",True,False,POINT (-8.9834599 38.9654485)
258199084,node,"{'addr:city': 'Vila Franca de Xira', 'addr:housenumber': '110', 'addr:postcode': '2600-180', 'addr:street': 'Rua Luís de Camões', 'amenity': 'police', 'name': '90ª Esquadra - Vila Franca de Xira', 'operator': 'Polícia de Segurança Pública', 'operator:short': 'PSP', 'operator:wikidata': 'Q3460075', 'operator:wikipedia': 'en:Polícia de Segurança Pública'}",POINT (-8.9897332 38.9529981),"{'addr:city': 'Vila Franca de Xira', 'addr:housenumber': '110', 'addr:postcode': '2600-180', 'addr:street': 'Rua Luís de Camões', 'amenity': 'police', 'name': '90ª Esquadra - Vila Franca de Xira', 'operator': 'Polícia de Segurança Pública', 'operator:short': 'PSP', 'operator:wikidata': 'Q3460075', 'operator:wikipedia': 'en:Polícia de Segurança Pública'}",True,False,POINT (-8.9897332 38.9529981)
259113774,node,"{'addr:housenumber': '1 A/D', 'addr:postcode': '1600-612', 'addr:street': 'Rua Professor Dias Amado', 'amenity': 'bank', 'atm': 'yes', 'branch': 'Telheiras Avenida', 'brand': 'Millennium bcp', 'brand:wikidata': 'Q118581', 'brand:wikipedia': 'pt:Banco Comercial Português', 'email': 'telheiras.avenida@millenniumbcp.pt', 'fax': '+351 210 099 030', 'name': 'Millennium bcp', 'official_name': 'Banco Comercial Português', 'official_name:en': 'Portuguese Commercial Bank', 'official_name:es': 'Banco Comercial Português', 'opening_hours': 'Mo-Fr 08:30-15:30', 'operator': 'Banco Comercial Português', 'operator:wikidata': 'Q118581', 'operator:wikipedia': 'pt:Banco Comercial Português', 'phone': '+351 211 126 720'}",POINT (-9.1695377 38.7606589),"{'addr:housenumber': '1 A/D', 'addr:postcode': '1600-612', 'addr:street': 'Rua Professor Dias Amado', 'amenity': 'bank', 'atm': 'yes', 'branch': 'Telheiras Avenida', 'brand': 'Millennium bcp', 'brand:wikidata': 'Q118581', 'brand:wikipedia': 'pt:Banco Comercial Português', 'email': 'telheiras.avenida@millenniumbcp.pt', 'fax': '+351 210 099 030', 'name': 'Millennium bcp', 'official_name': 'Banco Comercial Português', 'official_name:en': 'Portuguese Commercial Bank', 'official_name:es': 'Banco Comercial Português', 'opening_hours': 'Mo-Fr 08:30-15:30', 'operator': 'Banco Comercial Português', 'operator:wikidata': 'Q118581', 'operator:wikipedia': 'pt:Banco Comercial Português', 'phone': '+351 211 126 720'}",True,False,POINT (-9.1695377 38.7606589)
259740978,node,"{'addr:country': 'PT', 'addr:postcode': '2950-425', 'is_in': 'Estr. dos Restauradores do Concelho de Palmela', 'name': 'NOWO'}",POINT (-8.9177961 38.584656),"{'addr:country': 'PT', 'addr:postcode': '2950-425', 'is_in': 'Estr. dos Restauradores do Concelho de Palmela', 'name': 'NOWO'}",True,False,POINT (-8.9177961 38.584656)
262369214,node,"{'addr:city': 'Lisboa', 'addr:housenumber': '1/3', 'addr:postcode': '1600-635', 'addr:street': 'Rua Professor João Barreira', 'brand': 'Gleba', 'brand:wikipedia': 'pt:Gleba', 'drive_through': 'no', 'name': 'Gleba Telheiras', 'opening_hours': 'Mo-Su 07:00-20:30', 'phone': '968211655', 'shop': 'bakery', 'website': 'https://mygleba.com/'}",POINT (-9.170828 38.7606442),"{'addr:city': 'Lisboa', 'addr:housenumber': '1/3', 'addr:postcode': '1600-635', 'addr:street': 'Rua Professor João Barreira', 'brand': 'Gleba', 'brand:wikipedia': 'pt:Gleba', 'drive_through': 'no', 'name': 'Gleba Telheiras', 'opening_hours': 'Mo-Su 07:00-20:30', 'phone': '968211655', 'shop': 'bakery', 'website': 'https://mygleba.com/'}",True,False,POINT (-9.170828 38.7606442)
262369830,node,"{'addr:city': 'Lisboa', 'addr:postcode': '1600-000', 'addr:street': 'Av. Padre Cruz', 'amenity': 'fuel', 'brand': 'BP', 'brand:wikidata': 'Q152057', 'brand:wikipedia': 'en:BP', 'check_date': '2025-08-26', 'fuel:adblue': 'yes', 'fuel:diesel': 'yes', 'fuel:lpg': 'yes', 'fuel:octane_95': 'yes', 'fuel:octane_98': 'yes', 'name': 'BP AV. PADRE CRUZ', 'opening_hours': '24/7', 'operator': 'BP', 'source': 'Direção-Geral de Energia e Geologia', 'source:url': 'https://precoscombustiveis.dgeg.gov.pt/'}",POINT (-9.1632943 38.7624002),"{'addr:city': 'Lisboa', 'addr:postcode': '1600-000', 'addr:street': 'Av. Padre Cruz', 'amenity': 'fuel', 'brand': 'BP', 'brand:wikidata': 'Q152057', 'brand:wikipedia': 'en:BP', 'check_date': '2025-08-26', 'fuel:adblue': 'yes', 'fuel:diesel': 'yes', 'fuel:lpg': 'yes', 'fuel:octane_95': 'yes', 'fuel:octane_98': 'yes', 'name': 'BP AV. PADRE CRUZ', 'opening_hours': '24/7', 'operator': 'BP', 'source': 'Direção-Geral de Energia e Geologia', 'source:url': 'https://precoscombustiveis.dgeg.gov.pt/'}",True,False,POINT (-9.1632943 38.7624002)
269332534,node,"{'addr:city': 'Lagos', 'addr:postcode': '8600-327', 'addr:street': 'EN125 Telheiro', 'amenity': 'fuel', 'brand': 'BP', 'brand:wikidata': 'Q152057', 'check_date': '2025-08-25', 'compressed_air': 'yes', 'fuel:lpg': 'yes', 'name': 'Lagos - E. N. 125 (Oeste)', 'operator': 'BP', 'source': 'Direção-Geral de Energia e Geologia', 'source:url': 'https://precoscombustiveis.dgeg.gov.pt/', 'valves': 'schrader', 'wheelchair': 'yes'}",POINT (-8.6733911 37.1197796),"{'addr:city': 'Lagos', 'addr:postcode': '8600-327', 'addr:street': 'EN125 Telheiro', 'amenity': 'fuel', 'brand': 'BP', 'brand:wikidata': 'Q152057', 'check_date': '2025-08-25', 'compressed_air': 'yes', 'fuel:lpg': 'yes', 'name': 'Lagos - E. N. 125 (Oeste)', 'operator': 'BP', 'source': 'Direção-Geral de Energia e Geologia', 'source:url': 'https://precoscombustiveis.dgeg.gov.pt/', 'valves': 'schrader', 'wheelchair': 'yes'}",True,False,POINT (-8.6733911 37.1197796)
269905948,node,"{'addr:city': 'Lagos', 'addr:housenumber': '86', 'addr:postcode': '8600', 'addr:street': 'Rua Cândido dos Reis', 'amenity': 'restaurant', 'name': ""Mullen's"", 'opening_hours': 'Mo-Su 12:00-00:00', 'phone': '+351 918480071'}",POINT (-8.672963 37.1004021),"{'addr:city': 'Lagos', 'addr:housenumber': '86', 'addr:postcode': '8600', 'addr:street': 'Rua Cândido dos Reis', 'amenity': 'restaurant', 'name': ""Mullen's"", 'opening_hours': 'Mo-Su 12:00-00:00', 'phone': '+351 918480071'}",True,False,POINT (-8.672963 37.1004021)
281335806,node,"{'addr:postcode': '2560-232', 'name': 'Paul', 'place': 'hamlet'}",POINT (-9.2852334 39.1008854),"{'addr:postcode': '2560-232', 'name': 'Paul', 'place': 'hamlet'}",True,False,POINT (-9.2852334 39.1008854)
286728213,node,"{'addr:city': 'Curral das Freiras', 'addr:postcode': '9000-421', 'email': 'info@eiradoserrado.com', 'name': 'Hotel Eira Do Serrado', 'phone': '+351 291 710 060', 'rooms': '26', 'tourism': 'hotel', 'website': 'https://www.eiradoserrado.com'}",POINT (-16.962948 32.710232),"{'addr:city': 'Curral das Freiras', 'addr:postcode': '9000-421', 'email': 'info@eiradoserrado.com', 'name': 'Hotel Eira Do Serrado', 'phone': '+351 291 710 060', 'rooms': '26', 'tourism': 'hotel', 'website': 'https://www.eiradoserrado.com'}",True,False,POINT (-16.962948 32.710232)
287011979,node,"{'addr:city': 'ELVAS', 'addr:postcode': '7350-443', 'addr:street': 'IP 7/A 6 Km 4,5', 'amenity': 'fuel', 'brand': 'Repsol', 'brand:wikidata': 'Q174747', 'check_date': '2025-08-25', 'fuel:GTL_diesel': 'yes', 'fuel:diesel': 'yes', 'fuel:lpg': 'yes', 'fuel:octane_95': 'yes', 'fuel:octane_98': 'yes', 'is_in:municipality': 'BADAJOZ', 'is_in:province': 'BADAJOZ', 'name': 'A.S. CAIA B', 'opening_hours': '24/7', 'operator': 'Repsol', 'source': 'Direção-Geral de Energia e Geologia', 'source:url': 'https://precoscombustiveis.dgeg.gov.pt/'}",POINT (-7.0488382 38.8835997),"{'addr:city': 'ELVAS', 'addr:postcode': '7350-443', 'addr:street': 'IP 7/A 6 Km 4,5', 'amenity': 'fuel', 'brand': 'Repsol', 'brand:wikidata': 'Q174747', 'check_date': '2025-08-25', 'fuel:GTL_diesel': 'yes', 'fuel:diesel': 'yes', 'fuel:lpg': 'yes', 'fuel:octane_95': 'yes', 'fuel:octane_98': 'yes', 'is_in:municipality': 'BADAJOZ', 'is_in:province': 'BADAJOZ', 'name': 'A.S. CAIA B', 'opening_hours': '24/7', 'operator': 'Repsol', 'source': 'Direção-Geral de Energia e Geologia', 'source:url': 'https://precoscombustiveis.dgeg.gov.pt/'}",True,False,POINT (-7.0488382 38.8835997)
287458462,node,"{'addr:city': 'São Mamede de Infesta', 'addr:street': 'Rua Godinho de Faria', 'amenity': 'fuel', 'brand': 'Repsol', 'brand:wikidata': 'Q174747', 'brand:wikipedia': 'es:Repsol', 'name': 'Repsol', 'operator': 'Repsol'}",POINT (-8.6107174 41.1963674),"{'addr:city': 'São Mamede de Infesta', 'addr:street': 'Rua Godinho de Faria', 'amenity': 'fuel', 'brand': 'Repsol', 'brand:wikidata': 'Q174747', 'brand:wikipedia': 'es:Repsol', 'name': 'Repsol', 'operator': 'Repsol'}",True,False,POINT (-8.6107174 41.1963674)
290915382,node,"{'addr:city': 'Samouco - Ponte Vasco da Gama', 'addr:postcode': '2870-000', 'addr:street': 'Acesso Ponte Vasco da Gama, Km 13,8 (N/S)', 'amenity': 'fuel', 'brand': 'Galp', 'brand:wikidata': 'Q1492739', 'brand:wikipedia': 'en:Galp Energia', 'check_date': '2025-08-27', 'fuel:lpg': 'yes', 'name': 'GALP A12 A.S. Alcochete - Pte Vasco da Gama (N/S)', 'operator': 'Galp', 'source': 'Direção-Geral de Energia e Geologia', 'source:url': 'https://precoscombustiveis.dgeg.gov.pt/'}",POINT (-8.9880137 38.7259751),"{'addr:city': 'Samouco - Ponte Vasco da Gama', 'addr:postcode': '2870-000', 'addr:street': 'Acesso Ponte Vasco da Gama, Km 13,8 (N/S)', 'amenity': 'fuel', 'brand': 'Galp', 'brand:wikidata': 'Q1492739', 'brand:wikipedia': 'en:Galp Energia', 'check_date': '2025-08-27', 'fuel:lpg': 'yes', 'name': 'GALP A12 A.S. Alcochete - Pte Vasco da Gama (N/S)', 'operator': 'Galp', 'source': 'Direção-Geral de Energia e Geologia', 'source:url': 'https://precoscombustiveis.dgeg.gov.pt/'}",True,False,POINT (-8.9880137 38.7259751)
291928851,node,"{'addr:city': 'Montijo', 'addr:postcode': '2870-823', 'addr:street': 'Rua Vasco da Gama', 'amenity': 'fuel', 'check_date': '2025-02-16', 'check_date:compressed_air': '2025-02-16', 'compressed_air': 'yes', 'fuel:diesel': 'yes', 'fuel:octane_95': 'yes', 'fuel:octane_98': 'yes', 'name': 'E.Leclerc', 'opening_hours': '24/7', 'operator': 'E.Leclerc', 'valves': 'schrader', 'wheelchair': 'yes'}",POINT (-8.9602 38.7018112),"{'addr:city': 'Montijo', 'addr:postcode': '2870-823', 'addr:street': 'Rua Vasco da Gama', 'amenity': 'fuel', 'check_date': '2025-02-16', 'check_date:compressed_air': '2025-02-16', 'compressed_air': 'yes', 'fuel:diesel': 'yes', 'fuel:octane_95': 'yes', 'fuel:octane_98': 'yes', 'name': 'E.Leclerc', 'opening_hours': '24/7', 'operator': 'E.Leclerc', 'valves': 'schrader', 'wheelchair': 'yes'}",True,False,POINT (-8.9602 38.7018112)
293441143,node,"{'addr:city': 'Porto Moniz', 'addr:postcode': '9270-095', 'addr:street': 'Rua Forte de são João Batista', 'amenity': 'fuel', 'brand': 'Repsol', 'brand:wikidata': 'Q174747', 'fuel:diesel': 'yes', 'fuel:octane_95': 'yes', 'name': 'Repsol E1950'}",POINT (-17.1669145 32.8659441),"{'addr:city': 'Porto Moniz', 'addr:postcode': '9270-095', 'addr:street': 'Rua Forte de são João Batista', 'amenity': 'fuel', 'brand': 'Repsol', 'brand:wikidata': 'Q174747', 'fuel:diesel': 'yes', 'fuel:octane_95': 'yes', 'name': 'Repsol E1950'}",True,False,POINT (-17.1669145 32.8659441)
293762205,node,"{'addr:city': 'Ribeira Brava', 'addr:postcode': '9350-000', 'addr:street': 'Feiteiras', 'brand': 'Valley View Hotel Encumeada', 'check_date': '2024-11-20', 'email': 'info@valleyviewhotelencumeada.pt', 'internet_access': 'yes', 'internet_access:fee': 'customers', 'name': 'Valley View Hotel Encumeada', 'phone': '+351291951282', 'rooms': '50', 'stars': '3', 'tourism': 'hotel', 'website': 'https://www.valleyviewhotelencumeada.pt'}",POINT (-17.0244953 32.7495336),"{'addr:city': 'Ribeira Brava', 'addr:postcode': '9350-000', 'addr:street': 'Feiteiras', 'brand': 'Valley View Hotel Encumeada', 'check_date': '2024-11-20', 'email': 'info@valleyviewhotelencumeada.pt', 'internet_access': 'yes', 'internet_access:fee': 'customers', 'name': 'Valley View Hotel Encumeada', 'phone': '+351291951282', 'rooms': '50', 'stars': '3', 'tourism': 'hotel', 'website': 'https://www.valleyviewhotelencumeada.pt'}",True,False,POINT (-17.0244953 32.7495336)
297318763,node,"{'addr:city': 'Guilhufe e Urrô', 'amenity': 'fuel', 'brand': 'BP', 'brand:wikidata': 'Q152057', 'name': 'BP'}",POINT (-8.3068138 41.1925757),"{'addr:city': 'Guilhufe e Urrô', 'amenity': 'fuel', 'brand': 'BP', 'brand:wikidata': 'Q152057', 'name': 'BP'}",True,False,POINT (-8.3068138 41.1925757)
297818113,node,"{'addr:housenumber': '19A', 'addr:street': 'Rua do Hospital Velho', 'name': 'Residencial Funchal', 'tourism': 'hostel', 'wikidata': 'Q111119247'}",POINT (-16.9036373 32.6490613),"{'addr:housenumber': '19A', 'addr:street': 'Rua do Hospital Velho', 'name': 'Residencial Funchal', 'tourism': 'hostel', 'wikidata': 'Q111119247'}",True,False,POINT (-16.9036373 32.6490613)
298176965,node,"{'addr:city': 'Lisboa', 'addr:housenumber': '3', 'addr:postcode': '1250-165', 'addr:street': 'Rua Mouzinho da Silveira', 'fax': '+351 213 150 319', 'internet_access': 'wlan', 'name': 'Hotel Jorge V', 'operator': 'Hotusa Hotels', 'phone': '+351 213 562 525', 'rooms': '49', 'source:pkey': 'b945c72b-d064-404e-88fe-97febe43026e', 'stars': '3', 'tourism': 'hotel', 'website': 'https://www.hoteljorgev.com/'}",POINT (-9.1494002 38.7213092),"{'addr:city': 'Lisboa', 'addr:housenumber': '3', 'addr:postcode': '1250-165', 'addr:street': 'Rua Mouzinho da Silveira', 'fax': '+351 213 150 319', 'internet_access': 'wlan', 'name': 'Hotel Jorge V', 'operator': 'Hotusa Hotels', 'phone': '+351 213 562 525', 'rooms': '49', 'source:pkey': 'b945c72b-d064-404e-88fe-97febe43026e', 'stars': '3', 'tourism': 'hotel', 'website': 'https://www.hoteljorgev.com/'}",True,False,POINT (-9.1494002 38.7213092)
298351852,node,"{'addr:street': 'Rua Dr. Jaoa Abel Freitas', 'amenity': 'restaurant', 'contact:phone': '+351 291 099 909', 'cuisine': 'regional', 'name': 'Vila do Peixe', 'opening_hours': 'Mo-Su 11:00-23:00', 'toilets': 'yes', 'toilets:wheelchair': 'yes', 'website': 'https://www.viladopeixe.com/', 'wheelchair': 'yes'}",POINT (-16.9747562 32.6490861),"{'addr:street': 'Rua Dr. Jaoa Abel Freitas', 'amenity': 'restaurant', 'contact:phone': '+351 291 099 909', 'cuisine': 'regional', 'name': 'Vila do Peixe', 'opening_hours': 'Mo-Su 11:00-23:00', 'toilets': 'yes', 'toilets:wheelchair': 'yes', 'website': 'https://www.viladopeixe.com/', 'wheelchair': 'yes'}",True,False,POINT (-16.9747562 32.6490861)
300300320,node,"{'addr:housenumber': '30A', 'addr:street': 'Rua Dr. Jaoa Abel Freitas', 'amenity': 'restaurant', 'cuisine': 'regional', 'name': 'Vila da Carne', 'website': 'www.viladacarne@sapo.pt'}",POINT (-16.97549 32.6494493),"{'addr:housenumber': '30A', 'addr:street': 'Rua Dr. Jaoa Abel Freitas', 'amenity': 'restaurant', 'cuisine': 'regional', 'name': 'Vila da Carne', 'website': 'www.viladacarne@sapo.pt'}",True,False,POINT (-16.97549 32.6494493)
300346592,node,"{'addr:city': 'Santo Isidoro', 'addr:housenumber': '48', 'addr:postcode': '2640-002', 'addr:street': 'Estrada de Albarral', 'amenity': 'pharmacy', 'name': 'Farmácia Oceano', 'source': 'http://portalnacional.com.pt/farmacia/farmacia-oceano-25852/'}",POINT (-9.4162215 39.0043337),"{'addr:city': 'Santo Isidoro', 'addr:housenumber': '48', 'addr:postcode': '2640-002', 'addr:street': 'Estrada de Albarral', 'amenity': 'pharmacy', 'name': 'Farmácia Oceano', 'source': 'http://portalnacional.com.pt/farmacia/farmacia-oceano-25852/'}",True,False,POINT (-9.4162215 39.0043337)
300363340,node,"{'addr:street': 'Rua Brigadeiro Oudinot', 'amenity': 'restaurant', 'cuisine': 'regional', 'internet_access': 'wlan', 'name': 'Restaurante Pastelaria'}",POINT (-16.904022 32.6487598),"{'addr:street': 'Rua Brigadeiro Oudinot', 'amenity': 'restaurant', 'cuisine': 'regional', 'internet_access': 'wlan', 'name': 'Restaurante Pastelaria'}",True,False,POINT (-16.904022 32.6487598)
300363346,node,"{'addr:city': 'Funchal', 'addr:housenumber': '6', 'addr:postcode': '9050-025', 'addr:street': 'Largo do Phelps', 'consulate': 'yes', 'contact:email': 'funchal@hk-diplo.de', 'contact:phone': '+351 291 220-338', 'country': 'DE', 'diplomatic': 'consulate', 'name': 'Deutsches Konsulat', 'office': 'diplomatic', 'official_name': 'Consulate of Germany in Funchal, Portugal', 'target': 'PT'}",POINT (-16.9066356 32.6496039),"{'addr:city': 'Funchal', 'addr:housenumber': '6', 'addr:postcode': '9050-025', 'addr:street': 'Largo do Phelps', 'consulate': 'yes', 'contact:email': 'funchal@hk-diplo.de', 'contact:phone': '+351 291 220-338', 'country': 'DE', 'diplomatic': 'consulate', 'name': 'Deutsches Konsulat', 'office': 'diplomatic', 'official_name': 'Consulate of Germany in Funchal, Portugal', 'target': 'PT'}",True,False,POINT (-16.9066356 32.6496039)
300363348,node,"{'addr:city': 'Funchal', 'addr:housenumber': '19', 'addr:postcode': '9050-449', 'addr:street': 'Rua Doutor Fernão de Ornelas', 'amenity': 'pharmacy', 'check_date:currency:XBT': '2024-06-06', 'currency:XBT': 'yes', 'email': 'farmaciaconfianca.funchal@gmail.com', 'healthcare': 'pharmacy', 'name': 'Farmacia Confiança - Pharmacy', 'opening_hours': 'Mo-Sa 08:00-20:00', 'payment:lightning': 'yes', 'payment:lightning_contactless': 'yes', 'payment:onchain': 'yes', 'phone': '(+351) 291 223 586', 'survey:date': '2025-03-19', 'website': 'https://www.farmaciasegura.pt'}",POINT (-16.9065213 32.6493713),"{'addr:city': 'Funchal', 'addr:housenumber': '19', 'addr:postcode': '9050-449', 'addr:street': 'Rua Doutor Fernão de Ornelas', 'amenity': 'pharmacy', 'check_date:currency:XBT': '2024-06-06', 'currency:XBT': 'yes', 'email': 'farmaciaconfianca.funchal@gmail.com', 'healthcare': 'pharmacy', 'name': 'Farmacia Confiança - Pharmacy', 'opening_hours': 'Mo-Sa 08:00-20:00', 'payment:lightning': 'yes', 'payment:lightning_contactless': 'yes', 'payment:onchain': 'yes', 'phone': '(+351) 291 223 586', 'survey:date': '2025-03-19', 'website': 'https://www.farmaciasegura.pt'}",True,False,POINT (-16.9065213 32.6493713)
300363364,node,"{'addr:housenumber': '1', 'addr:street': 'Calçada do Pico', 'name': 'Museu da Quinta das Cruzes', 'tourism': 'museum'}",POINT (-16.9138739 32.6510464),"{'addr:housenumber': '1', 'addr:street': 'Calçada do Pico', 'name': 'Museu da Quinta das Cruzes', 'tourism': 'museum'}",True,False,POINT (-16.9138739 32.6510464)
301267561,node,"{'addr:city': 'Lisboa', 'addr:housenumber': '2', 'addr:street': 'Largo do Carmo', 'amenity': 'cafe', 'check_date': '2024-05-06', 'contact:instagram': 'https://www.instagram.com/leitaria.academica/', 'name': 'Leitaria Académica', 'outdoor_seating': 'yes'}",POINT (-9.1405786 38.7116756),"{'addr:city': 'Lisboa', 'addr:housenumber': '2', 'addr:street': 'Largo do Carmo', 'amenity': 'cafe', 'check_date': '2024-05-06', 'contact:instagram': 'https://www.instagram.com/leitaria.academica/', 'name': 'Leitaria Académica', 'outdoor_seating': 'yes'}",True,False,POINT (-9.1405786 38.7116756)
304977484,node,"{'addr:city': 'Évora', 'addr:housenumber': '1', 'addr:postcode': '7000-646', 'addr:street': 'Largo da Misericórdia', 'internet_access': 'yes', 'name': 'Albergaria Solar de Monfalim', 'phone': '+351 266 703 529', 'rooms': '26', 'stars': '2', 'start_date': '1892', 'tourism': 'hotel', 'website': 'https://www.solarmonfalim.com/solar-monfalim'}",POINT (-7.907104 38.5704628),"{'addr:city': 'Évora', 'addr:housenumber': '1', 'addr:postcode': '7000-646', 'addr:street': 'Largo da Misericórdia', 'internet_access': 'yes', 'name': 'Albergaria Solar de Monfalim', 'phone': '+351 266 703 529', 'rooms': '26', 'stars': '2', 'start_date': '1892', 'tourism': 'hotel', 'website': 'https://www.solarmonfalim.com/solar-monfalim'}",True,False,POINT (-7.907104 38.5704628)
308119709,node,"{'addr:city': 'Lisboa', 'addr:housenumber': '20', 'addr:postcode': '1050-113', 'addr:street': 'Rua Filipe Folque', 'fax': '+351 213 139 419', 'internet_access': 'wlan', 'name': 'Turim Lisboa Hotel', 'phone': '+351 210 330 900', 'ref:gds:amadeus': 'OILISLIA', 'ref:gds:galileo': 'OI E0053', 'ref:gds:sabre': 'OI 285161', 'ref:gds:worldspan': 'OI LISIA', 'rooms': '56', 'source:pkey': '3e035947-cf46-4f6e-8047-97969e6340b5', 'stars': '4', 'tourism': 'hotel', 'website': 'https://www.turim-hotels.com/hoteis/turim-lisboa-hotel-134'}",POINT (-9.1492361 38.7322739),"{'addr:city': 'Lisboa', 'addr:housenumber': '20', 'addr:postcode': '1050-113', 'addr:street': 'Rua Filipe Folque', 'fax': '+351 213 139 419', 'internet_access': 'wlan', 'name': 'Turim Lisboa Hotel', 'phone': '+351 210 330 900', 'ref:gds:amadeus': 'OILISLIA', 'ref:gds:galileo': 'OI E0053', 'ref:gds:sabre': 'OI 285161', 'ref:gds:worldspan': 'OI LISIA', 'rooms': '56', 'source:pkey': '3e035947-cf46-4f6e-8047-97969e6340b5', 'stars': '4', 'tourism': 'hotel', 'website': 'https://www.turim-hotels.com/hoteis/turim-lisboa-hotel-134'}",True,False,POINT (-9.1492361 38.7322739)
309785026,node,"{'addr:city': 'Estoril', 'addr:postcode': '2765-249', 'addr:street': 'Avenida Marginal', 'amenity': 'fuel', 'brand': 'BP', 'brand:wikidata': 'Q152057', 'brand:wikipedia': 'en:BP', 'name': 'BP', 'operator': 'Disbrand Trading, LDA.', 'phone': '214683200', 'survey:date': '2014-03-01'}",POINT (-9.400108 38.7038459),"{'addr:city': 'Estoril', 'addr:postcode': '2765-249', 'addr:street': 'Avenida Marginal', 'amenity': 'fuel', 'brand': 'BP', 'brand:wikidata': 'Q152057', 'brand:wikipedia': 'en:BP', 'name': 'BP', 'operator': 'Disbrand Trading, LDA.', 'phone': '214683200', 'survey:date': '2014-03-01'}",True,False,POINT (-9.400108 38.7038459)
309785374,node,"{'addr:city': 'Estoril', 'addr:street': 'Avenida de Nice', 'name': 'Vila Galé Estoril', 'tourism': 'hotel'}",POINT (-9.3969079 38.7037593),"{'addr:city': 'Estoril', 'addr:street': 'Avenida de Nice', 'name': 'Vila Galé Estoril', 'tourism': 'hotel'}",True,False,POINT (-9.3969079 38.7037593)
309816093,node,"{'addr:city': 'Estoril', 'addr:postcode': '2765-273', 'addr:street': 'Avenida dos Bombeiros Voluntários', 'amenity': 'fuel', 'description': 'Car washing', 'name': 'GALP'}",POINT (-9.3935217 38.7110905),"{'addr:city': 'Estoril', 'addr:postcode': '2765-273', 'addr:street': 'Avenida dos Bombeiros Voluntários', 'amenity': 'fuel', 'description': 'Car washing', 'name': 'GALP'}",True,False,POINT (-9.3935217 38.7110905)
309816127,node,"{'addr:city': 'Estoril', 'addr:postcode': '2765-273', 'addr:street': 'Avenida dos Bombeiros Voluntários', 'amenity': 'fuel', 'description': 'Car washing', 'name': 'Repsol'}",POINT (-9.3938985 38.7127272),"{'addr:city': 'Estoril', 'addr:postcode': '2765-273', 'addr:street': 'Avenida dos Bombeiros Voluntários', 'amenity': 'fuel', 'description': 'Car washing', 'name': 'Repsol'}",True,False,POINT (-9.3938985 38.7127272)
309816128,node,"{'addr:city': 'Estoril', 'addr:postcode': '2775-000', 'addr:street': 'Av. Conde de Barcelona', 'amenity': 'fuel', 'brand': 'Repsol', 'brand:wikidata': 'Q174747', 'check_date': '2025-08-25', 'compressed_air': 'yes', 'fuel:diesel': 'yes', 'fuel:lpg': 'yes', 'fuel:octane_95': 'yes', 'fuel:octane_98': 'yes', 'name': 'E.S. ESTORIL', 'opening_hours': 'PH,Mo-Su 06:30-22:30', 'operator': 'Repsol', 'source': 'Direção-Geral de Energia e Geologia', 'source:url': 'https://precoscombustiveis.dgeg.gov.pt/'}",POINT (-9.3899756 38.7142094),"{'addr:city': 'Estoril', 'addr:postcode': '2775-000', 'addr:street': 'Av. Conde de Barcelona', 'amenity': 'fuel', 'brand': 'Repsol', 'brand:wikidata': 'Q174747', 'check_date': '2025-08-25', 'compressed_air': 'yes', 'fuel:diesel': 'yes', 'fuel:lpg': 'yes', 'fuel:octane_95': 'yes', 'fuel:octane_98': 'yes', 'name': 'E.S. ESTORIL', 'opening_hours': 'PH,Mo-Su 06:30-22:30', 'operator': 'Repsol', 'source': 'Direção-Geral de Energia e Geologia', 'source:url': 'https://precoscombustiveis.dgeg.gov.pt/'}",True,False,POINT (-9.3899756 38.7142094)
314536636,node,"{'addr:city': 'Gondomar (São Cosme)', 'addr:housename': 'Farmácia Cardoso', 'addr:housenumber': '64/58', 'addr:postcode': '4420-307', 'addr:street': 'Largo de Santo António', 'amenity': 'pharmacy', 'dispensing': 'yes', 'healthcare': 'pharmacy', 'name': 'Farmácia Cardoso'}",POINT (-8.5322474 41.1364476),"{'addr:city': 'Gondomar (São Cosme)', 'addr:housename': 'Farmácia Cardoso', 'addr:housenumber': '64/58', 'addr:postcode': '4420-307', 'addr:street': 'Largo de Santo António', 'amenity': 'pharmacy', 'dispensing': 'yes', 'healthcare': 'pharmacy', 'name': 'Farmácia Cardoso'}",True,False,POINT (-8.5322474 41.1364476)
314896111,node,"{'addr:city': 'Caniço', 'addr:postcode': '9125-011', 'addr:street': 'Estrada João Gonçalves Zarco', 'branch': 'Caniço', 'brand': 'Continente Modelo', 'brand:wikidata': 'Q1892188', 'brand:wikipedia': 'pt:Continente Modelo', 'contact:facebook': 'continenteoficial', 'contact:instagram': 'continente', 'contact:phone': '+351 291 930 708', 'contact:youtube': 'https://www.youtube.com/user/continentept', 'name': 'Continente Modelo', 'opening_hours': 'Mo-Th,Su 08:30-21:30; Fr,Sa 08:30-22:00', 'ref': 'ba284b65-aca2-5357-9ed6-478aee0dc20a', 'shop': 'supermarket', 'source:contact': 'website', 'source:opening_hours': 'website', 'website': 'https://feed.continente.pt/lojas/continente-modelo-canico'}",POINT (-16.8420908 32.6531722),"{'addr:city': 'Caniço', 'addr:postcode': '9125-011', 'addr:street': 'Estrada João Gonçalves Zarco', 'branch': 'Caniço', 'brand': 'Continente Modelo', 'brand:wikidata': 'Q1892188', 'brand:wikipedia': 'pt:Continente Modelo', 'contact:facebook': 'continenteoficial', 'contact:instagram': 'continente', 'contact:phone': '+351 291 930 708', 'contact:youtube': 'https://www.youtube.com/user/continentept', 'name': 'Continente Modelo', 'opening_hours': 'Mo-Th,Su 08:30-21:30; Fr,Sa 08:30-22:00', 'ref': 'ba284b65-aca2-5357-9ed6-478aee0dc20a', 'shop': 'supermarket', 'source:contact': 'website', 'source:opening_hours': 'website', 'website': 'https://feed.continente.pt/lojas/continente-modelo-canico'}",True,False,POINT (-16.8420908 32.6531722)
318424351,node,"{'addr:city': 'Santa Cruz', 'addr:postcode': '9100-153', 'amenity': 'bank', 'atm': 'yes', 'branch': 'Santa Cruz - Madeira', 'branch:type': 'retail', 'brand': 'Caixa Geral de Depósitos', 'brand:website': 'https://www.cgd.pt/', 'brand:wikidata': 'Q1026044', 'brand:wikipedia': 'pt:Caixa Geral de Depósitos', 'contact:facebook': 'caixageraldedepositos', 'contact:instagram': 'caixageraldedepositos', 'contact:linkedin': 'https://www.linkedin.com/company/caixageraldedepositos/', 'contact:phone': '+351 217 900 790', 'contact:youtube': 'http://www.youtube.com/user/mediacgd', 'fixme': 'more info', 'name': 'Caixa Geral de Depósitos', 'opening_hours': 'Mo-Fr 08:30-12:30,13:30-15:00; Sa,Su,PH off', 'operator': 'Caixa Geral de Depósitos', 'operator:wikidata': 'Q1026044', 'operator:wikipedia': 'pt:Caixa Geral de Depósitos', 'ref': '1626', 'short_name': 'CGD', 'source:contact': 'website', 'source:opening_hours': 'website', 'website': 'https://www.cgd.pt/Corporativo/Rede-CGD/Pages/SANTA-CRUZ-MADEIRA.aspx'}",POINT (-16.7918495 32.6880488),"{'addr:city': 'Santa Cruz', 'addr:postcode': '9100-153', 'amenity': 'bank', 'atm': 'yes', 'branch': 'Santa Cruz - Madeira', 'branch:type': 'retail', 'brand': 'Caixa Geral de Depósitos', 'brand:website': 'https://www.cgd.pt/', 'brand:wikidata': 'Q1026044', 'brand:wikipedia': 'pt:Caixa Geral de Depósitos', 'contact:facebook': 'caixageraldedepositos', 'contact:instagram': 'caixageraldedepositos', 'contact:linkedin': 'https://www.linkedin.com/company/caixageraldedepositos/', 'contact:phone': '+351 217 900 790', 'contact:youtube': 'http://www.youtube.com/user/mediacgd', 'fixme': 'more info', 'name': 'Caixa Geral de Depósitos', 'opening_hours': 'Mo-Fr 08:30-12:30,13:30-15:00; Sa,Su,PH off', 'operator': 'Caixa Geral de Depósitos', 'operator:wikidata': 'Q1026044', 'operator:wikipedia': 'pt:Caixa Geral de Depósitos', 'ref': '1626', 'short_name': 'CGD', 'source:contact': 'website', 'source:opening_hours': 'website', 'website': 'https://www.cgd.pt/Corporativo/Rede-CGD/Pages/SANTA-CRUZ-MADEIRA.aspx'}",True,False,POINT (-16.7918495 32.6880488)
318653450,node,"{'addr:city': 'Ponta do Sol', 'addr:housenumber': '1', 'addr:postcode': '9360-421', 'addr:street': 'Rua dos Lombos', 'amenity': 'restaurant', 'cuisine': 'regional_(fish)', 'name': 'A Poita', 'name:es': 'A Poita', 'opening_hours': 'Mo-Su,PH 12:00-21:00+', 'phone': '291 972 871', 'smoking': 'separated'}",POINT (-17.1343864 32.7034479),"{'addr:city': 'Ponta do Sol', 'addr:housenumber': '1', 'addr:postcode': '9360-421', 'addr:street': 'Rua dos Lombos', 'amenity': 'restaurant', 'cuisine': 'regional_(fish)', 'name': 'A Poita', 'name:es': 'A Poita', 'opening_hours': 'Mo-Su,PH 12:00-21:00+', 'phone': '291 972 871', 'smoking': 'separated'}",True,False,POINT (-17.1343864 32.7034479)
318690824,node,"{'addr:housenumber': '15', 'amenity': 'pharmacy', 'check_date': '2024-01-06', 'dispensing': 'yes', 'name': 'Ribeirabravense', 'opening_hours': 'Mo-Fr 08:30-20:00; Sa-Su 09:00-14:00; PH 09:00-22:00', 'wheelchair': 'yes'}",POINT (-17.0646208 32.6716371),"{'addr:housenumber': '15', 'amenity': 'pharmacy', 'check_date': '2024-01-06', 'dispensing': 'yes', 'name': 'Ribeirabravense', 'opening_hours': 'Mo-Fr 08:30-20:00; Sa-Su 09:00-14:00; PH 09:00-22:00', 'wheelchair': 'yes'}",True,False,POINT (-17.0646208 32.6716371)
318690829,node,"{'addr:postcode': '9350-209', 'branch': 'Super Ribeira Brava', 'brand': 'Pingo Doce', 'brand:wikidata': 'Q1575057', 'brand:wikipedia': 'pt:Pingo Doce', 'check_date': '2024-01-02', 'contact:facebook': 'pingodoce', 'contact:instagram': 'pingodoce', 'contact:linkedin': 'https://www.linkedin.com/company/pingo-doce', 'contact:phone': '+351 291 952 690', 'contact:tiktok': 'pingodoce', 'contact:youtube': 'pingodocept', 'name': 'Pingo Doce', 'opening_hours': 'Mo-Su 07:30-22:00; easter 07:30-14:00', 'ref': '7', 'shop': 'supermarket', 'source:contact': 'website', 'source:opening_hours': 'website', 'website': 'https://www.pingodoce.pt/lojas/super-ribeira-brava/'}",POINT (-17.0640911 32.6699592),"{'addr:postcode': '9350-209', 'branch': 'Super Ribeira Brava', 'brand': 'Pingo Doce', 'brand:wikidata': 'Q1575057', 'brand:wikipedia': 'pt:Pingo Doce', 'check_date': '2024-01-02', 'contact:facebook': 'pingodoce', 'contact:instagram': 'pingodoce', 'contact:linkedin': 'https://www.linkedin.com/company/pingo-doce', 'contact:phone': '+351 291 952 690', 'contact:tiktok': 'pingodoce', 'contact:youtube': 'pingodocept', 'name': 'Pingo Doce', 'opening_hours': 'Mo-Su 07:30-22:00; easter 07:30-14:00', 'ref': '7', 'shop': 'supermarket', 'source:contact': 'website', 'source:opening_hours': 'website', 'website': 'https://www.pingodoce.pt/lojas/super-ribeira-brava/'}",True,False,POINT (-17.0640911 32.6699592)
319309625,node,"{'addr:city': 'Vilar da Lila', 'addr:postcode': '4785-209', 'addr:street': 'A3 - Km 11 - Lugar de Vilar de Lila', 'amenity': 'fuel', 'brand': 'Galp', 'brand:wikidata': 'Q1492739', 'brand:wikipedia': 'en:Galp Energia', 'check_date': '2025-08-27', 'fuel:lpg': 'yes', 'name': 'GALP A3 A.S. Trofa (Por/Bra)', 'source': 'Direção-Geral de Energia e Geologia', 'source:url': 'https://precoscombustiveis.dgeg.gov.pt/'}",POINT (-8.5633698 41.2629025),"{'addr:city': 'Vilar da Lila', 'addr:postcode': '4785-209', 'addr:street': 'A3 - Km 11 - Lugar de Vilar de Lila', 'amenity': 'fuel', 'brand': 'Galp', 'brand:wikidata': 'Q1492739', 'brand:wikipedia': 'en:Galp Energia', 'check_date': '2025-08-27', 'fuel:lpg': 'yes', 'name': 'GALP A3 A.S. Trofa (Por/Bra)', 'source': 'Direção-Geral de Energia e Geologia', 'source:url': 'https://precoscombustiveis.dgeg.gov.pt/'}",True,False,POINT (-8.5633698 41.2629025)
319309630,node,"{'addr:city': 'Vilar de Lila', 'addr:postcode': '4785-209', 'addr:street': 'A3 - Km 11 - Lugar de Vilar de Lila', 'amenity': 'fuel', 'brand': 'Galp', 'brand:wikidata': 'Q1492739', 'brand:wikipedia': 'en:Galp Energia', 'check_date': '2025-08-27', 'fuel:lpg': 'yes', 'name': 'GALP A3 A.S. Trofa (Bra/Por)', 'source': 'Direção-Geral de Energia e Geologia', 'source:url': 'https://precoscombustiveis.dgeg.gov.pt/'}",POINT (-8.5643246 41.2647038),"{'addr:city': 'Vilar de Lila', 'addr:postcode': '4785-209', 'addr:street': 'A3 - Km 11 - Lugar de Vilar de Lila', 'amenity': 'fuel', 'brand': 'Galp', 'brand:wikidata': 'Q1492739', 'brand:wikipedia': 'en:Galp Energia', 'check_date': '2025-08-27', 'fuel:lpg': 'yes', 'name': 'GALP A3 A.S. Trofa (Bra/Por)', 'source': 'Direção-Geral de Energia e Geologia', 'source:url': 'https://precoscombustiveis.dgeg.gov.pt/'}",True,False,POINT (-8.5643246 41.2647038)
320080132,node,"{'addr:city': 'Aveiras de Cima', 'addr:postcode': '2050-000', 'addr:street': 'A1 - Km 44', 'amenity': 'fuel', 'brand': 'Galp', 'brand:wikidata': 'Q1492739', 'brand:wikipedia': 'en:Galp Energia', 'check_date': '2025-08-27', 'compressed_air': 'yes', 'fuel:lpg': 'yes', 'name': 'GALP A.S. Aveiras Cima (S/N)', 'source': 'Direção-Geral de Energia e Geologia', 'source:url': 'https://precoscombustiveis.dgeg.gov.pt/'}",POINT (-8.9085294 39.1218476),"{'addr:city': 'Aveiras de Cima', 'addr:postcode': '2050-000', 'addr:street': 'A1 - Km 44', 'amenity': 'fuel', 'brand': 'Galp', 'brand:wikidata': 'Q1492739', 'brand:wikipedia': 'en:Galp Energia', 'check_date': '2025-08-27', 'compressed_air': 'yes', 'fuel:lpg': 'yes', 'name': 'GALP A.S. Aveiras Cima (S/N)', 'source': 'Direção-Geral de Energia e Geologia', 'source:url': 'https://precoscombustiveis.dgeg.gov.pt/'}",True,False,POINT (-8.9085294 39.1218476)
320284048,node,"{'addr:city': 'Leião', 'addr:postcode': '2780-000', 'addr:street': 'Variante à EN 249-3', 'amenity': 'fuel', 'brand': 'Repsol', 'brand:wikidata': 'Q174747', 'brand:wikipedia': 'es:Repsol', 'check_date': '2025-08-25', 'fuel:lpg': 'yes', 'name': 'E.S. LEIAO', 'operator': 'Repsol', 'source': 'Direção-Geral de Energia e Geologia', 'source:url': 'https://precoscombustiveis.dgeg.gov.pt/'}",POINT (-9.3016193 38.7295209),"{'addr:city': 'Leião', 'addr:postcode': '2780-000', 'addr:street': 'Variante à EN 249-3', 'amenity': 'fuel', 'brand': 'Repsol', 'brand:wikidata': 'Q174747', 'brand:wikipedia': 'es:Repsol', 'check_date': '2025-08-25', 'fuel:lpg': 'yes', 'name': 'E.S. LEIAO', 'operator': 'Repsol', 'source': 'Direção-Geral de Energia e Geologia', 'source:url': 'https://precoscombustiveis.dgeg.gov.pt/'}",True,False,POINT (-9.3016193 38.7295209)
320406676,node,"{'addr:city': 'Lugar de Cacilhas', 'addr:postcode': '2780-239', 'addr:street': 'Rua do Colégio Militar', 'addr:unit': 'Lote A', 'amenity': 'fuel', 'brand': 'BP', 'brand:wikidata': 'Q152057', 'check_date': '2025-08-26', 'fuel:diesel': 'yes', 'fuel:lpg': 'yes', 'fuel:octane_95': 'yes', 'fuel:octane_98': 'yes', 'name': 'BP - Oeiras (Cacilhas )', 'opening_hours': 'Mo-Su 00:00-24:00', 'phone': '+351 214418803', 'self_service': 'yes', 'source': 'Direção-Geral de Energia e Geologia', 'source:url': 'https://precoscombustiveis.dgeg.gov.pt/'}",POINT (-9.308365 38.7021611),"{'addr:city': 'Lugar de Cacilhas', 'addr:postcode': '2780-239', 'addr:street': 'Rua do Colégio Militar', 'addr:unit': 'Lote A', 'amenity': 'fuel', 'brand': 'BP', 'brand:wikidata': 'Q152057', 'check_date': '2025-08-26', 'fuel:diesel': 'yes', 'fuel:lpg': 'yes', 'fuel:octane_95': 'yes', 'fuel:octane_98': 'yes', 'name': 'BP - Oeiras (Cacilhas )', 'opening_hours': 'Mo-Su 00:00-24:00', 'phone': '+351 214418803', 'self_service': 'yes', 'source': 'Direção-Geral de Energia e Geologia', 'source:url': 'https://precoscombustiveis.dgeg.gov.pt/'}",True,False,POINT (-9.308365 38.7021611)
320406700,node,"{'addr:street': 'Avenida Engenheiro Álvaro Roquette', 'amenity': 'fuel', 'branch': 'A.S. Oeiras Parque II', 'brand': 'Galp', 'brand:wikidata': 'Q1492739', 'fuel:diesel': 'yes', 'fuel:octane_95': 'yes', 'fuel:octane_98': 'yes', 'name': 'Galp', 'self_service': 'yes'}",POINT (-9.304618 38.7026258),"{'addr:street': 'Avenida Engenheiro Álvaro Roquette', 'amenity': 'fuel', 'branch': 'A.S. Oeiras Parque II', 'brand': 'Galp', 'brand:wikidata': 'Q1492739', 'fuel:diesel': 'yes', 'fuel:octane_95': 'yes', 'fuel:octane_98': 'yes', 'name': 'Galp', 'self_service': 'yes'}",True,False,POINT (-9.304618 38.7026258)
320406701,node,"{'addr:street': 'Avenida Engenheiro Álvaro Roquette', 'amenity': 'fuel', 'branch': 'A.S. Oeiras Parque', 'brand': 'Galp', 'brand:wikidata': 'Q1492739', 'brand:wikipedia': 'en:Galp Energia', 'fuel:diesel': 'yes', 'fuel:octane_95': 'yes', 'name': 'Galp', 'opening_hours': 'Mo-Su 00:00-24:00', 'self_service': 'yes'}",POINT (-9.3062854 38.6998672),"{'addr:street': 'Avenida Engenheiro Álvaro Roquette', 'amenity': 'fuel', 'branch': 'A.S. Oeiras Parque', 'brand': 'Galp', 'brand:wikidata': 'Q1492739', 'brand:wikipedia': 'en:Galp Energia', 'fuel:diesel': 'yes', 'fuel:octane_95': 'yes', 'name': 'Galp', 'opening_hours': 'Mo-Su 00:00-24:00', 'self_service': 'yes'}",True,False,POINT (-9.3062854 38.6998672)
321604349,node,"{'addr:city': 'Parede', 'addr:housenumber': '13', 'addr:postcode': '2775-271', 'addr:street': 'Rua Capitão Leitão', 'addr:unit': 'b', 'amenity': 'cafe', 'cuisine': 'brasilian;snacks', 'name': 'Fénix Café', 'phone': '+351 963 348 481'}",POINT (-9.3538353 38.6890114),"{'addr:city': 'Parede', 'addr:housenumber': '13', 'addr:postcode': '2775-271', 'addr:street': 'Rua Capitão Leitão', 'addr:unit': 'b', 'amenity': 'cafe', 'cuisine': 'brasilian;snacks', 'name': 'Fénix Café', 'phone': '+351 963 348 481'}",True,False,POINT (-9.3538353 38.6890114)
321744940,node,"{'addr:housenumber': '44', 'amenity': 'restaurant', 'cuisine': 'regional', 'name': 'Galé'}",POINT (-16.8473009 32.7883293),"{'addr:housenumber': '44', 'amenity': 'restaurant', 'cuisine': 'regional', 'name': 'Galé'}",True,False,POINT (-16.8473009 32.7883293)
322144258,node,"{'addr:city': 'Guia', 'addr:postcode': '8200-417', 'addr:street': 'EN 125', 'air_conditioning': 'yes', 'branch': 'Guia', 'brand': 'Continente', 'brand:wikidata': 'Q2995683', 'brand:wikipedia': 'pt:Continente (hipermercados)', 'contact:facebook': 'continenteoficial', 'contact:instagram': 'continente', 'contact:phone': '+351 289 106 000', 'contact:youtube': 'https://www.youtube.com/user/continentept', 'internet_access': 'yes', 'level': '0', 'name': 'Continente', 'opening_hours': 'Mo-Su 08:00-23:00', 'ref': '27ac86f6-c414-5a4d-8e5e-ae6c017e926f', 'shop': 'supermarket', 'source:contact': 'website', 'source:opening_hours': 'website', 'website': 'https://feed.continente.pt/lojas/continente-guia', 'wheelchair': 'yes'}",POINT (-8.2805924 37.1270838),"{'addr:city': 'Guia', 'addr:postcode': '8200-417', 'addr:street': 'EN 125', 'air_conditioning': 'yes', 'branch': 'Guia', 'brand': 'Continente', 'brand:wikidata': 'Q2995683', 'brand:wikipedia': 'pt:Continente (hipermercados)', 'contact:facebook': 'continenteoficial', 'contact:instagram': 'continente', 'contact:phone': '+351 289 106 000', 'contact:youtube': 'https://www.youtube.com/user/continentept', 'internet_access': 'yes', 'level': '0', 'name': 'Continente', 'opening_hours': 'Mo-Su 08:00-23:00', 'ref': '27ac86f6-c414-5a4d-8e5e-ae6c017e926f', 'shop': 'supermarket', 'source:contact': 'website', 'source:opening_hours': 'website', 'website': 'https://feed.continente.pt/lojas/continente-guia', 'wheelchair': 'yes'}",True,False,POINT (-8.2805924 37.1270838)
325666865,node,"{'addr:city': 'Madeira', 'addr:postcode': '9270-095', 'amenity': 'bank', 'atm': 'yes', 'branch': 'Agência Automática Porto Moniz - Madeira', 'branch:type': 'retail', 'brand': 'Caixa Geral de Depósitos', 'brand:website': 'https://www.cgd.pt/', 'brand:wikidata': 'Q1026044', 'brand:wikipedia': 'pt:Caixa Geral de Depósitos', 'contact:facebook': 'caixageraldedepositos', 'contact:instagram': 'caixageraldedepositos', 'contact:linkedin': 'https://www.linkedin.com/company/caixageraldedepositos/', 'contact:youtube': 'http://www.youtube.com/user/mediacgd', 'name': 'Caixa Geral de Depósitos', 'operator': 'Caixa Geral de Depósitos', 'operator:wikidata': 'Q1026044', 'operator:wikipedia': 'pt:Caixa Geral de Depósitos', 'ref': '1899', 'short_name': 'CGD', 'source:contact': 'website', 'website': 'https://www.cgd.pt/Corporativo/Rede-CGD/Pages/AGENCIA-AUTOMATICA-PORTO-MONIZ.aspx'}",POINT (-17.1709475 32.865061),"{'addr:city': 'Madeira', 'addr:postcode': '9270-095', 'amenity': 'bank', 'atm': 'yes', 'branch': 'Agência Automática Porto Moniz - Madeira', 'branch:type': 'retail', 'brand': 'Caixa Geral de Depósitos', 'brand:website': 'https://www.cgd.pt/', 'brand:wikidata': 'Q1026044', 'brand:wikipedia': 'pt:Caixa Geral de Depósitos', 'contact:facebook': 'caixageraldedepositos', 'contact:instagram': 'caixageraldedepositos', 'contact:linkedin': 'https://www.linkedin.com/company/caixageraldedepositos/', 'contact:youtube': 'http://www.youtube.com/user/mediacgd', 'name': 'Caixa Geral de Depósitos', 'operator': 'Caixa Geral de Depósitos', 'operator:wikidata': 'Q1026044', 'operator:wikipedia': 'pt:Caixa Geral de Depósitos', 'ref': '1899', 'short_name': 'CGD', 'source:contact': 'website', 'website': 'https://www.cgd.pt/Corporativo/Rede-CGD/Pages/AGENCIA-AUTOMATICA-PORTO-MONIZ.aspx'}",True,False,POINT (-17.1709475 32.865061)
325667044,node,"{'addr:city': 'Porto Moniz', 'addr:postcode': '9270-156', 'amenity': 'bank', 'atm': 'yes', 'brand': 'Novo Banco', 'brand:wikidata': 'Q17488861', 'brand:wikipedia': 'pt:Novo Banco', 'contact:fax': '+351 291853390', 'contact:phone': '+351 291853105', 'name': 'Novo Banco', 'operator': 'Novo Banco', 'operator:old_name': 'Banco Espírito Santo', 'operator:old_name:short': 'BES', 'operator:wikidata': 'Q17488861', 'operator:wikipedia': 'pt:Novo Banco', 'ref': 'B0252', 'ref_name': 'Porto Moniz'}",POINT (-17.1711832 32.8653175),"{'addr:city': 'Porto Moniz', 'addr:postcode': '9270-156', 'amenity': 'bank', 'atm': 'yes', 'brand': 'Novo Banco', 'brand:wikidata': 'Q17488861', 'brand:wikipedia': 'pt:Novo Banco', 'contact:fax': '+351 291853390', 'contact:phone': '+351 291853105', 'name': 'Novo Banco', 'operator': 'Novo Banco', 'operator:old_name': 'Banco Espírito Santo', 'operator:old_name:short': 'BES', 'operator:wikidata': 'Q17488861', 'operator:wikipedia': 'pt:Novo Banco', 'ref': 'B0252', 'ref_name': 'Porto Moniz'}",True,False,POINT (-17.1711832 32.8653175)
325705264,node,"{'addr:city': 'Ponta do Sol', 'addr:postcode': '9360-209', 'addr:street': 'Avenida 1. de Maio', 'amenity': 'restaurant', 'check_date': '2024-01-07', 'internet_access': 'wlan', 'name': 'Sun Spot Cafe', 'opening_hours': '10:00-22:00', 'outdoor_seating': 'yes', 'phone': '+351291974540', 'smoking': 'outside', 'website': 'https://pontadosolsunspotcafe.com'}",POINT (-17.1047177 32.6793905),"{'addr:city': 'Ponta do Sol', 'addr:postcode': '9360-209', 'addr:street': 'Avenida 1. de Maio', 'amenity': 'restaurant', 'check_date': '2024-01-07', 'internet_access': 'wlan', 'name': 'Sun Spot Cafe', 'opening_hours': '10:00-22:00', 'outdoor_seating': 'yes', 'phone': '+351291974540', 'smoking': 'outside', 'website': 'https://pontadosolsunspotcafe.com'}",True,False,POINT (-17.1047177 32.6793905)
325970796,node,"{'addr:city': 'Machico', 'addr:housenumber': '73', 'addr:postcode': '9200-002', 'addr:street': 'Rua General António Teixeira de Aguiar', 'amenity': 'bank', 'atm': 'yes', 'brand': 'Novo Banco', 'brand:wikidata': 'Q17488861', 'brand:wikipedia': 'pt:Novo Banco', 'contact:fax': '+351 291965577', 'contact:phone': '+351 291965544', 'name': 'Novo Banco', 'opening_hours': 'Mo-Fr 08:30-12:00,13:00-15:00', 'operator': 'Novo Banco', 'operator:old_name': 'Banco Espírito Santo', 'operator:old_name:short': 'BES', 'operator:wikidata': 'Q17488861', 'operator:wikipedia': 'pt:Novo Banco', 'phone': '+351 291965544', 'ref': 'B0323', 'ref_name': 'Machico'}",POINT (-16.7665229 32.7186135),"{'addr:city': 'Machico', 'addr:housenumber': '73', 'addr:postcode': '9200-002', 'addr:street': 'Rua General António Teixeira de Aguiar', 'amenity': 'bank', 'atm': 'yes', 'brand': 'Novo Banco', 'brand:wikidata': 'Q17488861', 'brand:wikipedia': 'pt:Novo Banco', 'contact:fax': '+351 291965577', 'contact:phone': '+351 291965544', 'name': 'Novo Banco', 'opening_hours': 'Mo-Fr 08:30-12:00,13:00-15:00', 'operator': 'Novo Banco', 'operator:old_name': 'Banco Espírito Santo', 'operator:old_name:short': 'BES', 'operator:wikidata': 'Q17488861', 'operator:wikipedia': 'pt:Novo Banco', 'phone': '+351 291965544', 'ref': 'B0323', 'ref_name': 'Machico'}",True,False,POINT (-16.7665229 32.7186135)
325970817,node,"{'addr:city': 'Machico', 'amenity': 'pharmacy', 'dispensing': 'yes', 'name': 'Zarco', 'opening_hours': 'Mo-Fr 09:00-20:00'}",POINT (-16.7660736 32.7179721),"{'addr:city': 'Machico', 'amenity': 'pharmacy', 'dispensing': 'yes', 'name': 'Zarco', 'opening_hours': 'Mo-Fr 09:00-20:00'}",True,False,POINT (-16.7660736 32.7179721)
327373366,node,"{'addr:city': 'Ribamar', 'addr:street': 'EN 247', 'amenity': 'restaurant', 'cuisine': 'seafood', 'name': 'Ribamariscos', 'opening_hours': 'Tu-Fr 12:00-23:00; Sa 12:00-24:00; Su 12:00-18:00', 'phone': '+351 915 915 153'}",POINT (-9.416248 38.9997641),"{'addr:city': 'Ribamar', 'addr:street': 'EN 247', 'amenity': 'restaurant', 'cuisine': 'seafood', 'name': 'Ribamariscos', 'opening_hours': 'Tu-Fr 12:00-23:00; Sa 12:00-24:00; Su 12:00-18:00', 'phone': '+351 915 915 153'}",True,False,POINT (-9.416248 38.9997641)
327373635,node,"{'addr:housenumber': '31', 'addr:street': 'EN 247', 'amenity': 'restaurant', 'created_by': 'Potlatch 0.10f', 'name': 'Marisqueira Viveiros do Atlântico', 'opening_hours': 'We-Su 10:00-23:00', 'phone': '261860300'}",POINT (-9.4180161 39.0021853),"{'addr:housenumber': '31', 'addr:street': 'EN 247', 'amenity': 'restaurant', 'created_by': 'Potlatch 0.10f', 'name': 'Marisqueira Viveiros do Atlântico', 'opening_hours': 'We-Su 10:00-23:00', 'phone': '261860300'}",True,False,POINT (-9.4180161 39.0021853)
327374786,node,"{'addr:street': 'N247', 'amenity': 'restaurant', 'cuisine': 'fish;portuguese;seafood', 'email': 'terramar2007@iol.pt', 'name': 'Terra Mar', 'name:en': 'Terra Mar Restaurante Marisqueira', 'name:pt': 'Terra Mar Restaurante Marisqueira', 'opening_hours': 'Fr-Tu 12:00-22:30', 'phone': '261865924', 'website': 'https://facebook.com/terramarestaurante'}",POINT (-9.4148333 39.0094418),"{'addr:street': 'N247', 'amenity': 'restaurant', 'cuisine': 'fish;portuguese;seafood', 'email': 'terramar2007@iol.pt', 'name': 'Terra Mar', 'name:en': 'Terra Mar Restaurante Marisqueira', 'name:pt': 'Terra Mar Restaurante Marisqueira', 'opening_hours': 'Fr-Tu 12:00-22:30', 'phone': '261865924', 'website': 'https://facebook.com/terramarestaurante'}",True,False,POINT (-9.4148333 39.0094418)
327375716,node,"{'addr:city': 'Ribamar', 'addr:housenumber': '26', 'addr:street': 'EN 247', 'amenity': 'restaurant', 'cuisine': 'portuguese;asian', 'fixme': 'add area codes to phone numbers', 'name': 'Bom Amigo', 'opening_hours': '12:00-15:00; 19:00-23:00', 'phone': '+351261866801;+351967556648'}",POINT (-9.4159465 39.0012645),"{'addr:city': 'Ribamar', 'addr:housenumber': '26', 'addr:street': 'EN 247', 'amenity': 'restaurant', 'cuisine': 'portuguese;asian', 'fixme': 'add area codes to phone numbers', 'name': 'Bom Amigo', 'opening_hours': '12:00-15:00; 19:00-23:00', 'phone': '+351261866801;+351967556648'}",True,False,POINT (-9.4159465 39.0012645)
327476502,node,"{'addr:city': 'Santana', 'addr:postcode': '9230-119', 'addr:street': 'Rua Achada do Pampilhar', 'amenity': 'police', 'name': 'Esquadra de Santana', 'operator': 'Polícia de Segurança Pública', 'operator:short': 'PSP', 'operator:wikidata': 'Q3460075', 'operator:wikipedia': 'en:Polícia de Segurança Pública'}",POINT (-16.8809864 32.8074683),"{'addr:city': 'Santana', 'addr:postcode': '9230-119', 'addr:street': 'Rua Achada do Pampilhar', 'amenity': 'police', 'name': 'Esquadra de Santana', 'operator': 'Polícia de Segurança Pública', 'operator:short': 'PSP', 'operator:wikidata': 'Q3460075', 'operator:wikipedia': 'en:Polícia de Segurança Pública'}",True,False,POINT (-16.8809864 32.8074683)
331310151,node,"{'addr:city': 'Bragança', 'addr:postcode': '5300-440', 'addr:street': 'Avenida das Forças Armadas', 'name': 'Ibis Bragança', 'not:brand:wikidata': 'Q920166', 'operator': 'Accor Hotels', 'phone': '+351 273 302 520', 'tourism': 'hotel', 'website': 'http://www.ibis.com/pt/hotel-3338-ibis-braganca/index.shtml'}",POINT (-6.7559172 41.8167231),"{'addr:city': 'Bragança', 'addr:postcode': '5300-440', 'addr:street': 'Avenida das Forças Armadas', 'name': 'Ibis Bragança', 'not:brand:wikidata': 'Q920166', 'operator': 'Accor Hotels', 'phone': '+351 273 302 520', 'tourism': 'hotel', 'website': 'http://www.ibis.com/pt/hotel-3338-ibis-braganca/index.shtml'}",True,False,POINT (-6.7559172 41.8167231)
333129471,node,"{'addr:city': 'São Vicente', 'addr:postcode': '9240-221', 'addr:street': 'Estrada Dom João V', 'branch': 'São Vicente', 'brand': 'Continente Modelo', 'brand:wikidata': 'Q1892188', 'brand:wikipedia': 'pt:Continente Modelo', 'contact:facebook': 'continenteoficial', 'contact:instagram': 'continente', 'contact:phone': '+351 210 161 616', 'contact:youtube': 'https://www.youtube.com/user/continentept', 'name': 'Continente Modelo', 'opening_hours': 'Mo-Su 08:00-22:00', 'ref': '7bb78cc4-1909-50f4-8b5b-1c865b6eace2', 'shop': 'supermarket', 'source:contact': 'website', 'source:opening_hours': 'website', 'website': 'https://feed.continente.pt/lojas/continente-modelo-sao-vicente'}",POINT (-17.0458209 32.8027336),"{'addr:city': 'São Vicente', 'addr:postcode': '9240-221', 'addr:street': 'Estrada Dom João V', 'branch': 'São Vicente', 'brand': 'Continente Modelo', 'brand:wikidata': 'Q1892188', 'brand:wikipedia': 'pt:Continente Modelo', 'contact:facebook': 'continenteoficial', 'contact:instagram': 'continente', 'contact:phone': '+351 210 161 616', 'contact:youtube': 'https://www.youtube.com/user/continentept', 'name': 'Continente Modelo', 'opening_hours': 'Mo-Su 08:00-22:00', 'ref': '7bb78cc4-1909-50f4-8b5b-1c865b6eace2', 'shop': 'supermarket', 'source:contact': 'website', 'source:opening_hours': 'website', 'website': 'https://feed.continente.pt/lojas/continente-modelo-sao-vicente'}",True,False,POINT (-17.0458209 32.8027336)
344188995,node,"{'addr:city': 'Coimbra', 'addr:housenumber': '105', 'addr:postcode': '3030-177', 'addr:street': 'Rua Carlos Seixas', 'amenity': 'cafe', 'name': 'Pastelaria Arco-Íris', 'opening_hours': 'Mo-Sa 07:00-23:00', 'phone': '+351 239 402 623'}",POINT (-8.4152314 40.1955547),"{'addr:city': 'Coimbra', 'addr:housenumber': '105', 'addr:postcode': '3030-177', 'addr:street': 'Rua Carlos Seixas', 'amenity': 'cafe', 'name': 'Pastelaria Arco-Íris', 'opening_hours': 'Mo-Sa 07:00-23:00', 'phone': '+351 239 402 623'}",True,False,POINT (-8.4152314 40.1955547)
344615810,node,"{'addr:housenumber': '58', 'addr:postcode': '8000-281', 'addr:street': 'Rua de Portugal', 'amenity': 'theatre', 'contact:facebook': 'TeatroLethes', 'contact:instagram': 'teatrolethes', 'email': 'geral@actateatro.org.pt', 'name': 'Teatro Lethes', 'opening_hours': 'Tu-Fr 14:00-18:00; Sa 16:00-21:00', 'phone': '+351 289 878 908', 'website': 'https://teatrolethes.com', 'wheelchair': 'no'}",POINT (-7.9317333 37.0182913),"{'addr:housenumber': '58', 'addr:postcode': '8000-281', 'addr:street': 'Rua de Portugal', 'amenity': 'theatre', 'contact:facebook': 'TeatroLethes', 'contact:instagram': 'teatrolethes', 'email': 'geral@actateatro.org.pt', 'name': 'Teatro Lethes', 'opening_hours': 'Tu-Fr 14:00-18:00; Sa 16:00-21:00', 'phone': '+351 289 878 908', 'website': 'https://teatrolethes.com', 'wheelchair': 'no'}",True,False,POINT (-7.9317333 37.0182913)
349128746,node,"{'addr:city': 'Sesimbra', 'name': 'Sana Park Sesimbra Hotel', 'stars': '4', 'tourism': 'hotel', 'wikidata': 'Q111408622'}",POINT (-9.0986115 38.4425282),"{'addr:city': 'Sesimbra', 'name': 'Sana Park Sesimbra Hotel', 'stars': '4', 'tourism': 'hotel', 'wikidata': 'Q111408622'}",True,False,POINT (-9.0986115 38.4425282)
349344652,node,"{'addr:city': 'Faro', 'addr:housenumber': '23-27', 'addr:postcode': '8000-255', 'addr:street': 'Rua Conselheiro Bivar', 'alt_name': ""McDonald's Faro"", 'amenity': 'fast_food', 'branch': 'Faro', 'brand': ""McDonald's"", 'brand:wikidata': 'Q38076', 'brand:wikipedia': ""pt:McDonald's"", 'contact:facebook': 'McDonaldsPortugal', 'contact:instagram': 'mcdonaldsportugal', 'contact:linkedin': ""https://www.linkedin.com/company/mcdonald's-corporation/"", 'contact:phone': '+351 289 878 988', 'contact:tiktok': 'mcdonalds.pt', 'contact:youtube': 'https://www.youtube.com/McDonaldsPortugal', 'cuisine': 'burger', 'name': ""McDonald's"", 'opening_hours': 'Jan 01 12:00-02:00; Dec 24 08:00-18:00; Dec 25 off; Dec 31 08:00-19:00; 08:00-02:00', 'ref': 'a20b3fc9-1f6c-591c-a0a4-0e834305e9ba', 'source': 'https://www.mcdonalds.pt/', 'source:contact': 'website', 'takeaway': 'yes', 'website': 'https://www.mcdonalds.pt/restaurantes/faro/', 'wheelchair': 'no'}",POINT (-7.9356498 37.0167742),"{'addr:city': 'Faro', 'addr:housenumber': '23-27', 'addr:postcode': '8000-255', 'addr:street': 'Rua Conselheiro Bivar', 'alt_name': ""McDonald's Faro"", 'amenity': 'fast_food', 'branch': 'Faro', 'brand': ""McDonald's"", 'brand:wikidata': 'Q38076', 'brand:wikipedia': ""pt:McDonald's"", 'contact:facebook': 'McDonaldsPortugal', 'contact:instagram': 'mcdonaldsportugal', 'contact:linkedin': ""https://www.linkedin.com/company/mcdonald's-corporation/"", 'contact:phone': '+351 289 878 988', 'contact:tiktok': 'mcdonalds.pt', 'contact:youtube': 'https://www.youtube.com/McDonaldsPortugal', 'cuisine': 'burger', 'name': ""McDonald's"", 'opening_hours': 'Jan 01 12:00-02:00; Dec 24 08:00-18:00; Dec 25 off; Dec 31 08:00-19:00; 08:00-02:00', 'ref': 'a20b3fc9-1f6c-591c-a0a4-0e834305e9ba', 'source': 'https://www.mcdonalds.pt/', 'source:contact': 'website', 'takeaway': 'yes', 'website': 'https://www.mcdonalds.pt/restaurantes/faro/', 'wheelchair': 'no'}",True,False,POINT (-7.9356498 37.0167742)
355020443,node,"{'addr:street': 'Avenida Frei Miguel Contreiras', 'amenity': 'fuel', 'brand': 'Prio', 'brand:wikidata': 'Q62530421', 'compressed_air': 'yes', 'name': 'Prio'}",POINT (-9.1396213 38.7458153),"{'addr:street': 'Avenida Frei Miguel Contreiras', 'amenity': 'fuel', 'brand': 'Prio', 'brand:wikidata': 'Q62530421', 'compressed_air': 'yes', 'name': 'Prio'}",True,False,POINT (-9.1396213 38.7458153)
359818008,node,"{'addr:city': 'Canico', 'addr:country': 'PT', 'addr:housenumber': '61,62', 'addr:postcode': '9125-067', 'addr:street': 'Rua Baden Powell', 'contact:email': 'info@innartmadeira.com', 'contact:instagram': 'inn_art_madeira', 'email': 'info@innartmadeira.com', 'internet_access': 'wlan', 'internet_access:fee': 'no', 'name': 'Inn & Art', 'phone': '+351 291 938 200', 'rooms': '9', 'tourism': 'hotel', 'website': 'https://www.innartmadeira.com'}",POINT (-16.8346674 32.6416106),"{'addr:city': 'Canico', 'addr:country': 'PT', 'addr:housenumber': '61,62', 'addr:postcode': '9125-067', 'addr:street': 'Rua Baden Powell', 'contact:email': 'info@innartmadeira.com', 'contact:instagram': 'inn_art_madeira', 'email': 'info@innartmadeira.com', 'internet_access': 'wlan', 'internet_access:fee': 'no', 'name': 'Inn & Art', 'phone': '+351 291 938 200', 'rooms': '9', 'tourism': 'hotel', 'website': 'https://www.innartmadeira.com'}",True,False,POINT (-16.8346674 32.6416106)
373089854,node,"{'addr:postcode': '8670', 'addr:street': 'Sector D lote 18/20', 'name': 'Minimercado Roque & Filho', 'official_name': 'Minimercado Roque & Filho, Lda.', 'shop': 'convenience'}",POINT (-8.8514987 37.3060889),"{'addr:postcode': '8670', 'addr:street': 'Sector D lote 18/20', 'name': 'Minimercado Roque & Filho', 'official_name': 'Minimercado Roque & Filho, Lda.', 'shop': 'convenience'}",True,False,POINT (-8.8514987 37.3060889)
374583121,node,"{'addr:city': 'Viseu', 'addr:housenumber': '16', 'addr:postcode': '3505-639', 'addr:street': 'Avenida Fortes da Gama', 'branch': 'Retail Park Viseu', 'brand': 'Continente Modelo', 'brand:wikidata': 'Q1892188', 'brand:wikipedia': 'pt:Continente Modelo', 'contact:facebook': 'continenteoficial', 'contact:instagram': 'continente', 'contact:phone': '+351 232 000 500', 'contact:youtube': 'https://www.youtube.com/user/continentept', 'name': 'Continente Modelo', 'opening_hours': 'Mo-We,Sa,Su 09:00-21:00; Th,Fr 09:00-22:00', 'ref': '94ebcd9a-7143-5d60-93f5-db529c2022c1', 'shop': 'supermarket', 'source:contact': 'website', 'source:opening_hours': 'website', 'website': 'https://feed.continente.pt/lojas/continente-modelo-retail-park-viseu'}",POINT (-7.844847 40.6350252),"{'addr:city': 'Viseu', 'addr:housenumber': '16', 'addr:postcode': '3505-639', 'addr:street': 'Avenida Fortes da Gama', 'branch': 'Retail Park Viseu', 'brand': 'Continente Modelo', 'brand:wikidata': 'Q1892188', 'brand:wikipedia': 'pt:Continente Modelo', 'contact:facebook': 'continenteoficial', 'contact:instagram': 'continente', 'contact:phone': '+351 232 000 500', 'contact:youtube': 'https://www.youtube.com/user/continentept', 'name': 'Continente Modelo', 'opening_hours': 'Mo-We,Sa,Su 09:00-21:00; Th,Fr 09:00-22:00', 'ref': '94ebcd9a-7143-5d60-93f5-db529c2022c1', 'shop': 'supermarket', 'source:contact': 'website', 'source:opening_hours': 'website', 'website': 'https://feed.continente.pt/lojas/continente-modelo-retail-park-viseu'}",True,False,POINT (-7.844847 40.6350252)
