Listagem dos Municípios portugueses: websites e histórico de versões no Arquivo.pt - 15-06-2021,,,,,,,,,,,,,,,,
"Fonte: Associação Nacional de Municípios Portugueses, Portal Autárquico – Direção-Geral das Autarquias Locais",,,,,,,,,,,,,,,,
Distrito,Município,Endereço (URL) do Website - online na Web,"URL - endereço para histórico
 de versões no Arquivo.pt","Município com link para histórico de
versões no Arquivo.pt ",Municípios no Facebook (geralmente fora do âmbito das recolhas do Arquivo.pt),,,,,,,,,,,
AÇORES,Angra do Heroísmo,https://angradoheroismo.pt/,https://arquivo.pt/wayback/https://angradoheroismo.pt/,Angra do Heroísmo,https://www.facebook.com/cmangradoheroismo/,,,,,,,,,,,
AÇORES,Calheta (Açores),http://www.cm-calheta.pt,https://arquivo.pt/wayback/http://www.cm-calheta.pt,Calheta (Açores),https://www.facebook.com/municipiodacalheta/,,,,,,,,,,,
AÇORES,Corvo,http://www.cm-corvo.pt,https://arquivo.pt/wayback/http://www.cm-corvo.pt,Corvo,,,,,,,,,,,,
AÇORES,Horta,http://www.cmhorta.pt,https://arquivo.pt/wayback/http://www.cmhorta.pt,Horta,https://www.facebook.com/municipiohorta/,,,,,,,,,,,
AÇORES,Lagoa (Açores),http://www.lagoa-acores.pt,https://arquivo.pt/wayback/http://www.lagoa-acores.pt,Lagoa (Açores),https://www.facebook.com/Câmara-Municipal-de-Lagoa-Açores-201265370077248/,,,,,,,,,,,
AÇORES,Lajes das Flores,http://www.cmlajesdasflores.pt/,https://arquivo.pt/wayback/http://www.cmlajesdasflores.pt/,Lajes das Flores,,,,,,,,,,,,
AÇORES,Lajes do Pico,http://www.cm-lajesdopico.pt/,https://arquivo.pt/wayback/http://www.cm-lajesdopico.pt/,Lajes do Pico,https://www.facebook.com/cmlajesdopico/,,,,,,,,,,,
AÇORES,Madalena,http://www.cm-madalena.pt,https://arquivo.pt/wayback/http://www.cm-madalena.pt,Madalena,https://www.facebook.com/Câmara-Municipal-da-Madalena-158913620925764/,,,,,,,,,,,
AÇORES,Nordeste,http://www.cmnordeste.pt,https://arquivo.pt/wayback/http://www.cmnordeste.pt,Nordeste,https://www.facebook.com/camaramunicipalnordeste/,,,,,,,,,,,
AÇORES,Ponta Delgada,www.cm-pontadelgada.pt,https://arquivo.pt/wayback/www.cm-pontadelgada.pt,Ponta Delgada,https://www.facebook.com/cmpontadelgada/,,,,,,,,,,,
AÇORES,Povoação,http://www.cm-povoacao.pt,https://arquivo.pt/wayback/http://www.cm-povoacao.pt,Povoação,https://www.facebook.com/municipiodapovoacao/,,,,,,,,,,,
AÇORES,Praia da Vitória,http://www.cmpv.pt,https://arquivo.pt/wayback/http://www.cmpv.pt,Praia da Vitória,https://www.facebook.com/MunicipioPraiaVitoria/,,,,,,,,,,,
AÇORES,Ribeira Grande,http://www.cm-ribeiragrande.pt,https://arquivo.pt/wayback/http://www.cm-ribeiragrande.pt,Ribeira Grande,https://www.facebook.com/cmribeiragrd/,,,,,,,,,,,
AÇORES,Santa Cruz da Graciosa,http://www.cm-graciosa.pt,https://arquivo.pt/wayback/http://www.cm-graciosa.pt,Santa Cruz da Graciosa,https://www.facebook.com/mscgraciosa/,,,,,,,,,,,
AÇORES,Santa Cruz das Flores,http://cm-santacruzdasflores.azoresdigital.pt,https://arquivo.pt/wayback/http://cm-santacruzdasflores.azoresdigital.pt,Santa Cruz das Flores,https://www.facebook.com/cmscflores/,,,,,,,,,,,
AÇORES,São Roque do Pico,http://cm-saoroquedopico.pt/,https://arquivo.pt/wayback/http://cm-saoroquedopico.pt/,São Roque do Pico,https://www.facebook.com/municipiosrp/,,,,,,,,,,,
AÇORES,Velas,http://cmvelas.pt,https://arquivo.pt/wayback/http://cmvelas.pt,Velas,https://www.facebook.com/municipiovelas/,,,,,,,,,,,
AÇORES,Vila do Porto,http://www.cm-viladoporto.pt,https://arquivo.pt/wayback/http://www.cm-viladoporto.pt,Vila do Porto,https://www.facebook.com/municipioviladoporto/,,,,,,,,,,,
AÇORES,Vila Franca do Campo,http://www.cmvfc.pt,https://arquivo.pt/wayback/http://www.cmvfc.pt,Vila Franca do Campo,https://www.facebook.com/CamaraMunicipalDeVilaFrancaDoCampo/,,,,,,,,,,,
ALGARVE,Castro Marim,http://www.cm-castromarim.pt,https://arquivo.pt/wayback/http://www.cm-castromarim.pt,Castro Marim,https://www.facebook.com/municipio.castromarim/,,,,,,,,,,,
ALMADA,Barreiro,http://www.cm-barreiro.pt,https://arquivo.pt/wayback/http://www.cm-barreiro.pt,Barreiro,https://www.facebook.com/municipio.barreiro/,,,,,,,,,,,
AVEIRO,Águeda,http://www.cm-agueda.pt,https://arquivo.pt/wayback/http://www.cm-agueda.pt,Águeda,https://www.facebook.com/cmagueda/,,,,,,,,,,,
AVEIRO,Albergaria-a-Velha,http://www.cm-albergaria.pt,https://arquivo.pt/wayback/http://www.cm-albergaria.pt,Albergaria-a-Velha,https://www.facebook.com/municipiodealbergariaavelha/,,,,,,,,,,,
AVEIRO,Anadia,http://www.cm-anadia.pt/,https://arquivo.pt/wayback/http://www.cm-anadia.pt/,Anadia,https://www.facebook.com/municipioanadia/,,,,,,,,,,,
AVEIRO,Arouca,https://www.cm-arouca.pt/,https://arquivo.pt/wayback/https://www.cm-arouca.pt/,Arouca,https://www.facebook.com/MunicipiodeArouca/,,,,,,,,,,,
AVEIRO,Aveiro,http://www.cm-aveiro.pt,https://arquivo.pt/wayback/http://www.cm-aveiro.pt,Aveiro,https://www.facebook.com/municipiodeaveiro/,,,,,,,,,,,
AVEIRO,Castelo de Paiva,http://www.cm-castelo-paiva.pt,https://arquivo.pt/wayback/http://www.cm-castelo-paiva.pt,Castelo de Paiva,https://www.facebook.com/municipiocastelodepaiva/,,,,,,,,,,,
AVEIRO,Espinho,https://portal.cm-espinho.pt/,https://arquivo.pt/wayback/https://portal.cm-espinho.pt/,Espinho,https://www.facebook.com/municipio.espinho/,,,,,,,,,,,
AVEIRO,Estarreja,http://www.cm-estarreja.pt,https://arquivo.pt/wayback/http://www.cm-estarreja.pt,Estarreja,https://www.facebook.com/estarrejamunicipio/,,,,,,,,,,,
AVEIRO,Ílhavo,http://www.cm-ilhavo.pt,https://arquivo.pt/wayback/http://www.cm-ilhavo.pt,Ílhavo,https://www.facebook.com/camaramunicipalilhavo/,,,,,,,,,,,
AVEIRO,Mealhada,http://www.cm-mealhada.pt,https://arquivo.pt/wayback/http://www.cm-mealhada.pt,Mealhada,https://www.facebook.com/camaramealhada/,,,,,,,,,,,
AVEIRO,Murtosa,http://www.cm-murtosa.pt,https://arquivo.pt/wayback/http://www.cm-murtosa.pt,Murtosa,https://www.facebook.com/municipiodamurtosa/,,,,,,,,,,,
AVEIRO,Oliveira de Azeméis,http://www.cm-oaz.pt,https://arquivo.pt/wayback/http://www.cm-oaz.pt,Oliveira de Azeméis,,,,,,,,,,,,
AVEIRO,Oliveira do Bairro,http://www.cm-olb.pt/,https://arquivo.pt/wayback/http://www.cm-olb.pt/,Oliveira do Bairro,https://www.facebook.com/municipio.oliveiradobairro/,,,,,,,,,,,
AVEIRO,Ovar,http://www.cm-ovar.pt,https://arquivo.pt/wayback/http://www.cm-ovar.pt,Ovar,https://www.facebook.com/cm.ovar/,,,,,,,,,,,
AVEIRO,Santa Maria da Feira,http://www.cm-feira.pt,https://arquivo.pt/wayback/http://www.cm-feira.pt,Santa Maria da Feira,https://www.facebook.com/municipio.smfeira/,,,,,,,,,,,
AVEIRO,São João da Madeira,http://www.cm-sjm.pt,https://arquivo.pt/wayback/http://www.cm-sjm.pt,São João da Madeira,https://www.facebook.com/CMSJM/,,,,,,,,,,,
AVEIRO,Sever do Vouga,http://www.cm-sever.pt,https://arquivo.pt/wayback/http://www.cm-sever.pt,Sever do Vouga,,,,,,,,,,,,
AVEIRO,Vagos,http://www.cm-vagos.pt,https://arquivo.pt/wayback/http://www.cm-vagos.pt,Vagos,https://www.facebook.com/municipiovagos,,,,,,,,,,,
AVEIRO,Vale de Cambra,http://www.cm-valedecambra.pt,https://arquivo.pt/wayback/http://www.cm-valedecambra.pt,Vale de Cambra,https://www.facebook.com/CMValedeCambra/,,,,,,,,,,,
BEJA,Aljustrel,http://www.mun-aljustrel.pt,https://arquivo.pt/wayback/http://www.mun-aljustrel.pt,Aljustrel,https://www.facebook.com/AljustrelMunicipio/,,,,,,,,,,,
BEJA,Almodôvar,http://www.cm-almodovar.pt,https://arquivo.pt/wayback/http://www.cm-almodovar.pt,Almodôvar,https://www.facebook.com/municipioalmodovar/,,,,,,,,,,,
BEJA,Alvito,http://www.cm-alvito.pt,https://arquivo.pt/wayback/http://www.cm-alvito.pt,Alvito,https://www.facebook.com/MunicipioAlvito/,,,,,,,,,,,
BEJA,Barrancos,http://www.cm-barrancos.pt,https://arquivo.pt/wayback/http://www.cm-barrancos.pt,Barrancos,https://www.facebook.com/camaramunicipaldebarrancos/,,,,,,,,,,,
BEJA,Beja,http://www.cm-beja.pt,https://arquivo.pt/wayback/http://www.cm-beja.pt,Beja,https://www.facebook.com/camaramunicipaldebeja/,,,,,,,,,,,
BEJA,Castro Verde,http://www.cm-castroverde.pt,https://arquivo.pt/wayback/http://www.cm-castroverde.pt,Castro Verde,https://www.facebook.com/municipiocastroverde/,,,,,,,,,,,
BEJA,Cuba,http://www.cm-cuba.pt,https://arquivo.pt/wayback/http://www.cm-cuba.pt,Cuba,https://www.facebook.com/municipio.cuba/,,,,,,,,,,,
BEJA,Ferreira do Alentejo,http://www.cm-ferreira-alentejo.pt,https://arquivo.pt/wayback/http://www.cm-ferreira-alentejo.pt,Ferreira do Alentejo,https://www.facebook.com/muncmfa/,,,,,,,,,,,
BEJA,Mértola,http://www.cm-mertola.pt,https://arquivo.pt/wayback/http://www.cm-mertola.pt,Mértola,https://www.facebook.com/municipiodemertola/,,,,,,,,,,,
BEJA,Odemira,http://www.cm-odemira.pt,https://arquivo.pt/wayback/http://www.cm-odemira.pt,Odemira,https://www.facebook.com/MunicipiodeOdemira/,,,,,,,,,,,
BEJA,Ourique,http://www.cm-ourique.pt,https://arquivo.pt/wayback/http://www.cm-ourique.pt,Ourique,https://www.facebook.com/municipio.deourique/,,,,,,,,,,,
BEJA,Serpa,http://www.cm-serpa.pt,https://arquivo.pt/wayback/http://www.cm-serpa.pt,Serpa,https://www.facebook.com/SerpaTerraForte/,,,,,,,,,,,
BRAGA,Amares,http://www.cm-amares.pt,https://arquivo.pt/wayback/http://www.cm-amares.pt,Amares,https://www.facebook.com/cmamares/,,,,,,,,,,,
BRAGA,Barcelos,http://www.cm-barcelos.pt,https://arquivo.pt/wayback/http://www.cm-barcelos.pt,Barcelos,https://www.facebook.com/MunicipioBarcelos/,,,,,,,,,,,
BRAGA,Braga,http://www.cm-braga.pt,https://arquivo.pt/wayback/http://www.cm-braga.pt,Braga,https://www.facebook.com/municipiodebraga/,,,,,,,,,,,
BRAGA,Cabeceiras de Basto,http://www.cabeceirasdebasto.pt,https://arquivo.pt/wayback/http://www.cabeceirasdebasto.pt,Cabeceiras de Basto,https://www.facebook.com/camaracabeceirasdebasto/,,,,,,,,,,,
BRAGA,Celorico de Basto,http://www.mun-celoricodebasto.pt/,https://arquivo.pt/wayback/http://www.mun-celoricodebasto.pt/,Celorico de Basto,https://www.facebook.com/municipio.celoricodebasto/,,,,,,,,,,,
BRAGA,Esposende,http://www.cm-esposende.pt,https://arquivo.pt/wayback/http://www.cm-esposende.pt,Esposende,https://www.facebook.com/Município-de-Esposende-173776416035932/,,,,,,,,,,,
BRAGA,Fafe,http://www.cm-fafe.pt,https://arquivo.pt/wayback/http://www.cm-fafe.pt,Fafe,https://www.facebook.com/municipiofafe/,,,,,,,,,,,
BRAGA,Guimarães,http://www.cm-guimaraes.pt,https://arquivo.pt/wayback/http://www.cm-guimaraes.pt,Guimarães,https://www.facebook.com/Municipio.Guimaraes/,,,,,,,,,,,
BRAGA,Póvoa de Lanhoso,http://www.mun-planhoso.pt/,https://arquivo.pt/wayback/http://www.mun-planhoso.pt/,Póvoa de Lanhoso,https://www.facebook.com/municipiodapovoadelanhoso/,,,,,,,,,,,
BRAGA,Terras de Bouro,http://www.cm-terrasdebouro.pt,https://arquivo.pt/wayback/http://www.cm-terrasdebouro.pt,Terras de Bouro,https://www.facebook.com/municipiodeterrasdebouro/,,,,,,,,,,,
BRAGA,Vieira do Minho,http://www.cm-vminho.pt,https://arquivo.pt/wayback/http://www.cm-vminho.pt,Vieira do Minho,https://www.facebook.com/vieiradominho.municipio/,,,,,,,,,,,
BRAGA,Vila Nova de Famalicão,http://www.vilanovadefamalicao.org,https://arquivo.pt/wayback/http://www.vilanovadefamalicao.org,Vila Nova de Famalicão,https://www.facebook.com/municipiodevnfamalicao/,,,,,,,,,,,
BRAGA,Vila Verde,http://www.cm-vilaverde.pt,https://arquivo.pt/wayback/http://www.cm-vilaverde.pt,Vila Verde,https://www.facebook.com/municipiovilaverde/,,,,,,,,,,,
BRAGA,Vizela,http://www.cm-vizela.pt,https://arquivo.pt/wayback/http://www.cm-vizela.pt,Vizela,https://www.facebook.com/CMVizela/,,,,,,,,,,,
BRAGANÇA,Alfândega da Fé,http://www.cm-alfandegadafe.pt,https://arquivo.pt/wayback/http://www.cm-alfandegadafe.pt,Alfândega da Fé,https://www.facebook.com/municipioalfandegadafe/,,,,,,,,,,,
BRAGANÇA,Bragança,http://www.cm-braganca.pt,https://arquivo.pt/wayback/http://www.cm-braganca.pt,Bragança,https://www.facebook.com/municipiobraganca/,,,,,,,,,,,
BRAGANÇA,Carrazeda de Ansiães,http://www.cm-carrazedadeansiaes.pt,https://arquivo.pt/wayback/http://www.cm-carrazedadeansiaes.pt,Carrazeda de Ansiães,https://www.facebook.com/municipio.carrazedadeansiaes/,,,,,,,,,,,
BRAGANÇA,Freixo de Espada à Cinta,http://www.cm-freixoespadacinta.pt,https://arquivo.pt/wayback/http://www.cm-freixoespadacinta.pt,Freixo de Espada à Cinta,https://www.facebook.com/municipiofreixoespadacinta/,,,,,,,,,,,
BRAGANÇA,Macedo de Cavaleiros,http://www.cm-macedodecavaleiros.pt,https://arquivo.pt/wayback/http://www.cm-macedodecavaleiros.pt,Macedo de Cavaleiros,https://www.facebook.com/cm.macedodecavaleiros/,,,,,,,,,,,
BRAGANÇA,Miranda do Douro,http://www.cm-mdouro.pt/,https://arquivo.pt/wayback/http://www.cm-mdouro.pt/,Miranda do Douro,https://www.facebook.com/MunicipioMirandadoDouro/,,,,,,,,,,,
BRAGANÇA,Mirandela,http://www.cm-mirandela.pt,https://arquivo.pt/wayback/http://www.cm-mirandela.pt,Mirandela,https://www.facebook.com/municipio.mirandela/,,,,,,,,,,,
BRAGANÇA,Mogadouro,http://mogadouro.pt/,https://arquivo.pt/wayback/http://mogadouro.pt/,Mogadouro,https://www.facebook.com/municipiodemogadouro.pt/,,,,,,,,,,,
BRAGANÇA,Torre de Moncorvo,http://www.torredemoncorvo.pt,https://arquivo.pt/wayback/http://www.torredemoncorvo.pt,Torre de Moncorvo,https://www.facebook.com/municipiotorredemoncorvo/,,,,,,,,,,,
BRAGANÇA,Vila Flor,http://www.cm-vilaflor.pt,https://arquivo.pt/wayback/http://www.cm-vilaflor.pt,Vila Flor,https://www.facebook.com/municipiodevilaflor/,,,,,,,,,,,
BRAGANÇA,Vimioso,http://www.cm-vimioso.pt,https://arquivo.pt/wayback/http://www.cm-vimioso.pt,Vimioso,https://www.facebook.com/municipiovimioso/,,,,,,,,,,,
BRAGANÇA,Vinhais,http://www.cm-vinhais.pt,https://arquivo.pt/wayback/http://www.cm-vinhais.pt,Vinhais,https://www.facebook.com/cmvinhais/,,,,,,,,,,,
CASTELO BRANCO,Belmonte,http://www.cm-belmonte.pt,https://arquivo.pt/wayback/http://www.cm-belmonte.pt,Belmonte,https://www.facebook.com/belmonte.municipio/,,,,,,,,,,,
CASTELO BRANCO,Castelo Branco,https://www.cm-castelobranco.pt/,https://arquivo.pt/wayback/https://www.cm-castelobranco.pt/,Castelo Branco,https://www.facebook.com/cb.acontece/,,,,,,,,,,,
CASTELO BRANCO,Covilhã,http://www.cm-covilha.pt,https://arquivo.pt/wayback/http://www.cm-covilha.pt,Covilhã,https://www.facebook.com/covilhamunicipio/,,,,,,,,,,,
CASTELO BRANCO,Fundão,http://www.cm-fundao.pt,https://arquivo.pt/wayback/http://www.cm-fundao.pt,Fundão,https://www.facebook.com/MunicipiodoFundao/,,,,,,,,,,,
CASTELO BRANCO,Golegã,http://www.cm-golega.pt,https://arquivo.pt/wayback/http://www.cm-golega.pt,Golegã,https://www.facebook.com/MunicipiodaGolega/,,,,,,,,,,,
CASTELO BRANCO,Idanha-a-Nova,http://www.cm-idanhanova.pt,https://arquivo.pt/wayback/http://www.cm-idanhanova.pt,Idanha-a-Nova,https://www.facebook.com/MunicipioIdanhaNova/,,,,,,,,,,,
CASTELO BRANCO,Oleiros,http://www.cm-oleiros.pt/,https://arquivo.pt/wayback/http://www.cm-oleiros.pt/,Oleiros,https://www.facebook.com/municipiodeoleiros/,,,,,,,,,,,
CASTELO BRANCO,Penamacor,http://www.cm-penamacor.pt,https://arquivo.pt/wayback/http://www.cm-penamacor.pt,Penamacor,https://www.facebook.com/municipiopenamacor/,,,,,,,,,,,
CASTELO BRANCO,Proença-a-Nova,http://www.cm-proencanova.pt,https://arquivo.pt/wayback/http://www.cm-proencanova.pt,Proença-a-Nova,https://www.facebook.com/municipio.deproencaanova/,,,,,,,,,,,
CASTELO BRANCO,Sertã,http://www.cm-serta.pt,https://arquivo.pt/wayback/http://www.cm-serta.pt,Sertã,https://www.facebook.com/MunicipiodaSerta/,,,,,,,,,,,
CASTELO BRANCO,Vila de Rei,http://www.cm-viladerei.pt,https://arquivo.pt/wayback/http://www.cm-viladerei.pt,Vila de Rei,https://www.facebook.com/municipiodeviladerei/,,,,,,,,,,,
CASTELO BRANCO,Vila Velha de Ródão,http://www.cm-vvrodao.pt,https://arquivo.pt/wayback/http://www.cm-vvrodao.pt,Vila Velha de Ródão,https://www.facebook.com/municipiovvrodao/,,,,,,,,,,,
COIMBRA,Arganil,http://www.cm-arganil.pt,https://arquivo.pt/wayback/http://www.cm-arganil.pt,Arganil,https://www.facebook.com/municipioarganil/,,,,,,,,,,,
COIMBRA,Cantanhede,http://www.cantanhedeonline.pt,https://arquivo.pt/wayback/http://www.cantanhedeonline.pt,Cantanhede,https://www.facebook.com/Cantanhede-Convida-1674464909495026/,,,,,,,,,,,
COIMBRA,Coimbra,http://www.cm-coimbra.pt,https://arquivo.pt/wayback/http://www.cm-coimbra.pt,Coimbra,https://www.facebook.com/municipiodecoimbra/,,,,,,,,,,,
COIMBRA,Condeixa-a-Nova,http://www.cm-condeixa.pt,https://arquivo.pt/wayback/http://www.cm-condeixa.pt,Condeixa-a-Nova,https://www.facebook.com/CondeixaMunicipio/,,,,,,,,,,,
COIMBRA,Figueira da Foz,https://www.cm-figfoz.pt/,https://arquivo.pt/wayback/https://www.cm-figfoz.pt/,Figueira da Foz,https://www.facebook.com/municipio.figueiradafoz/ ,,,,,,,,,,,
COIMBRA,Góis,http://www.cm-gois.pt,https://arquivo.pt/wayback/http://www.cm-gois.pt,Góis,https://www.facebook.com/MUNICIPIODEGOIS/,,,,,,,,,,,
COIMBRA,Lousã,http://www.cm-lousa.pt,https://arquivo.pt/wayback/http://www.cm-lousa.pt,Lousã,https://www.facebook.com/municipiolousa/,,,,,,,,,,,
COIMBRA,Mira,http://www.cm-mira.pt,https://arquivo.pt/wayback/http://www.cm-mira.pt,Mira,https://www.facebook.com/municipiomira/,,,,,,,,,,,
COIMBRA,Miranda do Corvo,http://www.cm-mirandadocorvo.pt,https://arquivo.pt/wayback/http://www.cm-mirandadocorvo.pt,Miranda do Corvo,https://www.facebook.com/munmcv/,,,,,,,,,,,
COIMBRA,Montemor-o-Velho,http://www.cm-montemorvelho.pt,https://arquivo.pt/wayback/http://www.cm-montemorvelho.pt,Montemor-o-Velho,https://www.facebook.com/municipio.montemorvelho/,,,,,,,,,,,
COIMBRA,Oliveira do Hospital,http://www.cm-oliveiradohospital.pt,https://arquivo.pt/wayback/http://www.cm-oliveiradohospital.pt,Oliveira do Hospital,https://www.facebook.com/Munic%C3%ADpio-de-Oliveira-do-Hospital-146449585428013/,,,,,,,,,,,
COIMBRA,Pampilhosa da Serra,http://www.cm-pampilhosadaserra.pt,https://arquivo.pt/wayback/http://www.cm-pampilhosadaserra.pt,Pampilhosa da Serra,https://www.facebook.com/camaramunicipaldapampilhosadaserra/,,,,,,,,,,,
COIMBRA,Penacova,http://www.cm-penacova.pt,https://arquivo.pt/wayback/http://www.cm-penacova.pt,Penacova,https://www.facebook.com/municipiodepenacova/,,,,,,,,,,,
COIMBRA,Penela,http://www.cm-penela.pt,https://arquivo.pt/wayback/http://www.cm-penela.pt,Penela,https://www.facebook.com/municipiopenela.oficial/,,,,,,,,,,,
COIMBRA,Soure,http://www.cm-soure.pt,https://arquivo.pt/wayback/http://www.cm-soure.pt,Soure,https://www.facebook.com/MunicipiodeSoure/,,,,,,,,,,,
COIMBRA,Tábua,http://www.cm-tabua.pt,https://arquivo.pt/wayback/http://www.cm-tabua.pt,Tábua,https://www.facebook.com/municipiodetabua/,,,,,,,,,,,
COIMBRA,Vila Nova de Poiares,http://www.cm-vilanovadepoiares.pt,https://arquivo.pt/wayback/http://www.cm-vilanovadepoiares.pt,Vila Nova de Poiares,https://www.facebook.com/Munic%C3%ADpio-de-Vila-Nova-de-Poiares-226522714050372/,,,,,,,,,,,
ÉVORA,Alandroal,http://www.cm-alandroal.pt,https://arquivo.pt/wayback/http://www.cm-alandroal.pt,Alandroal,https://www.facebook.com/cmalandroal/,,,,,,,,,,,
ÉVORA,Arraiolos,http://www.cm-arraiolos.pt,https://arquivo.pt/wayback/http://www.cm-arraiolos.pt,Arraiolos,https://www.facebook.com/Câmara-Municipal-de-Arraiolos-560739920660358/,,,,,,,,,,,
ÉVORA,Borba,http://www.cm-borba.pt,https://arquivo.pt/wayback/http://www.cm-borba.pt,Borba,https://www.facebook.com/municipiodeborba/,,,,,,,,,,,
ÉVORA,Estremoz,http://www.cm-estremoz.pt,https://arquivo.pt/wayback/http://www.cm-estremoz.pt,Estremoz,https://www.facebook.com/municipioestremoz/,,,,,,,,,,,
ÉVORA,Évora,http://www.cm-evora.pt,https://arquivo.pt/wayback/http://www.cm-evora.pt,Évora,https://www.facebook.com/EvoraNoticias/,,,,,,,,,,,
ÉVORA,Montemor-o-Novo,http://www.cm-montemornovo.pt,https://arquivo.pt/wayback/http://www.cm-montemornovo.pt,Montemor-o-Novo,https://www.facebook.com/municipio.montemornovo/,,,,,,,,,,,
ÉVORA,Mora,http://www.cm-mora.pt,https://arquivo.pt/wayback/http://www.cm-mora.pt,Mora,https://www.facebook.com/camaramunicipalmora/,,,,,,,,,,,
ÉVORA,Moura,http://www.cm-moura.pt,https://arquivo.pt/wayback/http://www.cm-moura.pt,Moura,https://www.facebook.com/C%C3%A2mara-Municipal-de-Moura-1850124615213222/,,,,,,,,,,,
ÉVORA,Mourão,http://www.cm-mourao.pt,https://arquivo.pt/wayback/http://www.cm-mourao.pt,Mourão,https://www.facebook.com/municipio.mourao/,,,,,,,,,,,
ÉVORA,Portel,http://www.cm-portel.pt,https://arquivo.pt/wayback/http://www.cm-portel.pt,Portel,,,,,,,,,,,,
ÉVORA,Redondo,http://www.cm-redondo.pt,https://arquivo.pt/wayback/http://www.cm-redondo.pt,Redondo,https://www.facebook.com/MunicipioDeRedondo/,,,,,,,,,,,
ÉVORA,Reguengos de Monsaraz,http://www.cm-reguengos-monsaraz.pt,https://arquivo.pt/wayback/http://www.cm-reguengos-monsaraz.pt,Reguengos de Monsaraz,,,,,,,,,,,,
ÉVORA,Vendas Novas,http://www.cm-vendasnovas.pt,https://arquivo.pt/wayback/http://www.cm-vendasnovas.pt,Vendas Novas,https://www.facebook.com/municipiodevendasnovas/,,,,,,,,,,,
ÉVORA,Viana do Alentejo,http://www.cm-vianadoalentejo.pt,https://arquivo.pt/wayback/http://www.cm-vianadoalentejo.pt,Viana do Alentejo,https://www.facebook.com/municipiovianadoalentejo/,,,,,,,,,,,
ÉVORA,Vidigueira,http://www.cm-vidigueira.pt,https://arquivo.pt/wayback/http://www.cm-vidigueira.pt,Vidigueira,https://www.facebook.com/municipiovidigueira/,,,,,,,,,,,
ÉVORA,Vila Viçosa,http://www.cm-vilavicosa.pt,https://arquivo.pt/wayback/http://www.cm-vilavicosa.pt,Vila Viçosa,https://www.facebook.com/municipiovilavicosa/,,,,,,,,,,,
FARO,Albufeira,http://www.cm-albufeira.pt,https://arquivo.pt/wayback/http://www.cm-albufeira.pt,Albufeira,https://www.facebook.com/albufeira.pt/,,,,,,,,,,,
FARO,Alcoutim,http://www.cm-alcoutim.pt,https://arquivo.pt/wayback/http://www.cm-alcoutim.pt,Alcoutim,https://www.facebook.com/cmalcoutim/,,,,,,,,,,,
FARO,Aljezur,http://www.cm-aljezur.pt,https://arquivo.pt/wayback/http://www.cm-aljezur.pt,Aljezur,https://www.facebook.com/municipio.aljezur/,,,,,,,,,,,
FARO,Faro,http://www.cm-faro.pt,https://arquivo.pt/wayback/http://www.cm-faro.pt,Faro,https://www.facebook.com/municipiodefaro/,,,,,,,,,,,
FARO,Lagoa (Algarve),http://www.cm-lagoa.pt/,https://arquivo.pt/wayback/http://www.cm-lagoa.pt/,Lagoa (Algarve),https://www.facebook.com/municipio.lagoa/,,,,,,,,,,,
FARO,Lagos,http://www.cm-lagos.pt,https://arquivo.pt/wayback/http://www.cm-lagos.pt,Lagos,https://www.facebook.com/camaramunicipaldelagos/,,,,,,,,,,,
FARO,Loulé,http://www.cm-loule.pt,https://arquivo.pt/wayback/http://www.cm-loule.pt,Loulé,https://www.facebook.com/municipiodeloule/,,,,,,,,,,,
FARO,Monchique,https://cm-monchique.pt/,https://arquivo.pt/wayback/https://cm-monchique.pt/,Monchique,https://www.facebook.com/Munic%C3%ADpio-de-Monchique-214199881944040/,,,,,,,,,,,
FARO,Olhão,http://www.cm-olhao.pt,https://arquivo.pt/wayback/http://www.cm-olhao.pt,Olhão,https://www.facebook.com/cmolhao/,,,,,,,,,,,
FARO,Portimão,http://www.cm-portimao.pt,https://arquivo.pt/wayback/http://www.cm-portimao.pt,Portimão,,,,,,,,,,,,
FARO,São Brás de Alportel,http://www.cm-sbras.pt,https://arquivo.pt/wayback/http://www.cm-sbras.pt,São Brás de Alportel,https://www.facebook.com/SBAlportel.Municipio/,,,,,,,,,,,
FARO,Silves,http://www.cm-silves.pt,https://arquivo.pt/wayback/http://www.cm-silves.pt,Silves,https://www.facebook.com/municipiodesilves/,,,,,,,,,,,
FARO,Tavira,http://www.cm-tavira.pt,https://arquivo.pt/wayback/http://www.cm-tavira.pt,Tavira,https://www.facebook.com/CMTavira/,,,,,,,,,,,
FARO,Vila do Bispo,http://www.cm-viladobispo.pt,https://arquivo.pt/wayback/http://www.cm-viladobispo.pt,Vila do Bispo,https://www.facebook.com/municipioviladobispo/,,,,,,,,,,,
FARO,Vila Real de Santo António,http://www.cm-vrsa.pt,https://arquivo.pt/wayback/http://www.cm-vrsa.pt,Vila Real de Santo António,https://www.facebook.com/cmvrsa/,,,,,,,,,,,
GUARDA,Aguiar da Beira,http://www.cm-aguiardabeira.pt,https://arquivo.pt/wayback/http://www.cm-aguiardabeira.pt,Aguiar da Beira,https://www.facebook.com/aguiaravossabeira/,,,,,,,,,,,
GUARDA,Almeida,http://www.cm-almeida.pt,https://arquivo.pt/wayback/http://www.cm-almeida.pt,Almeida,https://www.facebook.com/municipio.almeida/,,,,,,,,,,,
GUARDA,Celorico da Beira,http://www.cm-celoricodabeira.pt,https://arquivo.pt/wayback/http://www.cm-celoricodabeira.pt,Celorico da Beira,https://www.facebook.com/municipiocelorico.dabeira/,,,,,,,,,,,
GUARDA,Figueira de Castelo Rodrigo,http://www.cm-fcr.pt,https://arquivo.pt/wayback/http://www.cm-fcr.pt,Figueira de Castelo Rodrigo,https://www.facebook.com/MunicipioDeFigueiraDeCasteloRodrigo/,,,,,,,,,,,
GUARDA,Fornos de Algodres,http://www.cm-fornosdealgodres.pt,https://arquivo.pt/wayback/http://www.cm-fornosdealgodres.pt,Fornos de Algodres,https://www.facebook.com/MunFornosdeAlgodres/,,,,,,,,,,,
GUARDA,Gouveia,http://www.cm-gouveia.pt,https://arquivo.pt/wayback/http://www.cm-gouveia.pt,Gouveia,https://www.facebook.com/MunicipiodeGouveia/,,,,,,,,,,,
GUARDA,Guarda,http://www.mun-guarda.pt,https://arquivo.pt/wayback/http://www.mun-guarda.pt,Guarda,https://www.facebook.com/MunicipiodaGuarda/,,,,,,,,,,,
GUARDA,Manteigas,http://www.cm-manteigas.pt,https://arquivo.pt/wayback/http://www.cm-manteigas.pt,Manteigas,https://www.facebook.com/Manteigas.ValeporNatureza/,,,,,,,,,,,
GUARDA,Mêda,http://www.cm-meda.pt,https://arquivo.pt/wayback/http://www.cm-meda.pt,Mêda,https://www.facebook.com/municipio.meda/,,,,,,,,,,,
GUARDA,Pinhel,http://www.cm-pinhel.pt,https://arquivo.pt/wayback/http://www.cm-pinhel.pt,Pinhel,https://www.facebook.com/cidadefalcao/,,,,,,,,,,,
GUARDA,Sabugal,http://www.cm-sabugal.pt,https://arquivo.pt/wayback/http://www.cm-sabugal.pt,Sabugal,https://www.facebook.com/sabugal.concelho/,,,,,,,,,,,
GUARDA,Seia,http://www.cm-seia.pt,https://arquivo.pt/wayback/http://www.cm-seia.pt,Seia,https://www.facebook.com/cmseia,,,,,,,,,,,
GUARDA,Trancoso,http://www.cm-trancoso.pt,https://arquivo.pt/wayback/http://www.cm-trancoso.pt,Trancoso,https://www.facebook.com/cmtrancoso.pt/,,,,,,,,,,,
GUARDA,Vila Nova de Foz Côa,http://www.cm-fozcoa.pt,https://arquivo.pt/wayback/http://www.cm-fozcoa.pt,Vila Nova de Foz Côa,https://www.facebook.com/cmfozcoa/,,,,,,,,,,,
LEIRIA,Alcobaça,http://www.cm-alcobaca.pt,https://arquivo.pt/wayback/http://www.cm-alcobaca.pt,Alcobaça,https://www.facebook.com/municipioalcobaca/,,,,,,,,,,,
LEIRIA,Alvaiázere,http://www.cm-alvaiazere.pt,https://arquivo.pt/wayback/http://www.cm-alvaiazere.pt,Alvaiázere,https://www.facebook.com/municipiodealvaiazere/,,,,,,,,,,,
LEIRIA,Ansião,http://www.cm-ansiao.pt,https://arquivo.pt/wayback/http://www.cm-ansiao.pt,Ansião,https://www.facebook.com/municipioansiao/,,,,,,,,,,,
LEIRIA,Batalha,http://www.cm-batalha.pt,https://arquivo.pt/wayback/http://www.cm-batalha.pt,Batalha,https://www.facebook.com/MunicipioBatalha/,,,,,,,,,,,
LEIRIA,Bombarral,http://www.cm-bombarral.pt/,https://arquivo.pt/wayback/http://www.cm-bombarral.pt/,Bombarral,https://www.facebook.com/municipiodo.bombarral/,,,,,,,,,,,
LEIRIA,Caldas da Rainha,http://www.cm-caldas-rainha.pt,https://arquivo.pt/wayback/http://www.cm-caldas-rainha.pt,Caldas da Rainha,https://www.facebook.com/municipiodascaldasdarainha/,,,,,,,,,,,
LEIRIA,Castanheira de Pera,http://www.cm-castanheiradepera.pt,https://arquivo.pt/wayback/http://www.cm-castanheiradepera.pt,Castanheira de Pera,https://www.facebook.com/CastanheiradePera/,,,,,,,,,,,
LEIRIA,Figueiró dos Vinhos,http://www.cm-figueirodosvinhos.pt,https://arquivo.pt/wayback/http://www.cm-figueirodosvinhos.pt,Figueiró dos Vinhos,https://www.facebook.com/MunicipiodeFigueirodosVinhos/,,,,,,,,,,,
LEIRIA,Leiria,http://www.cm-leiria.pt,https://arquivo.pt/wayback/http://www.cm-leiria.pt,Leiria,https://www.facebook.com/municipioleiria/,,,,,,,,,,,
LEIRIA,Marinha Grande,https://www.cm-mgrande.pt,https://arquivo.pt/wayback/https://www.cm-mgrande.pt,Marinha Grande,https://www.facebook.com/municipiomarinhagrande/,,,,,,,,,,,
LEIRIA,Nazaré,http://www.cm-nazare.pt/pt,https://arquivo.pt/wayback/http://www.cm-nazare.pt/pt,Nazaré,https://www.facebook.com/cmnazare/,,,,,,,,,,,
LEIRIA,Óbidos,http://www.cm-obidos.pt,https://arquivo.pt/wayback/http://www.cm-obidos.pt,Óbidos,https://www.facebook.com/municipiodeobidos/,,,,,,,,,,,
LEIRIA,Pedrógão Grande,http://www.cm-pedrogaogrande.pt,https://arquivo.pt/wayback/http://www.cm-pedrogaogrande.pt,Pedrógão Grande,https://www.facebook.com/Município-de-Pedrógão-Grande-1049470595104500/,,,,,,,,,,,
LEIRIA,Peniche,http://www.cm-peniche.pt,https://arquivo.pt/wayback/http://www.cm-peniche.pt,Peniche,https://www.facebook.com/CamaraMunicipalPeniche/,,,,,,,,,,,
LEIRIA,Pombal,http://www.cm-pombal.pt,https://arquivo.pt/wayback/http://www.cm-pombal.pt,Pombal,https://www.facebook.com/municipiopombal/,,,,,,,,,,,
LEIRIA,Porto de Mós,http://www.municipio-portodemos.pt,https://arquivo.pt/wayback/http://www.municipio-portodemos.pt,Porto de Mós,https://www.facebook.com/MunicipioPortodeMos/,,,,,,,,,,,
LISBOA,Alenquer,http://www.cm-alenquer.pt,https://arquivo.pt/wayback/http://www.cm-alenquer.pt,Alenquer,https://www.facebook.com/CMAlenquer/,,,,,,,,,,,
LISBOA,Amadora,http://www.cm-amadora.pt,https://arquivo.pt/wayback/http://www.cm-amadora.pt,Amadora,https://www.facebook.com/municipiodaamadora/,,,,,,,,,,,
LISBOA,Arruda dos Vinhos,http://www.cm-arruda.pt,https://arquivo.pt/wayback/http://www.cm-arruda.pt,Arruda dos Vinhos,https://www.facebook.com/marrudavinhos/,,,,,,,,,,,
LISBOA,Azambuja,http://www.cm-azambuja.pt,https://arquivo.pt/wayback/http://www.cm-azambuja.pt,Azambuja,https://www.facebook.com/municipioazambuja/,,,,,,,,,,,
LISBOA,Cadaval,http://www.cm-cadaval.pt,https://arquivo.pt/wayback/http://www.cm-cadaval.pt,Cadaval,https://www.facebook.com/cmcadaval/,,,,,,,,,,,
LISBOA,Cascais,http://www.cm-cascais.pt,https://arquivo.pt/wayback/http://www.cm-cascais.pt,Cascais,https://www.facebook.com/CMCascais/,,,,,,,,,,,
LISBOA,Lisboa,https://www.lisboa.pt/,https://arquivo.pt/wayback/https://www.lisboa.pt/,Lisboa,https://www.facebook.com/camaradelisboa/,,,,,,,,,,,
LISBOA,Loures,http://www.cm-loures.pt,https://arquivo.pt/wayback/http://www.cm-loures.pt,Loures,https://www.facebook.com/MunicipiodeLoures/,,,,,,,,,,,
LISBOA,Lourinhã,https://cm-lourinha.pt/,https://arquivo.pt/wayback/https://cm-lourinha.pt/,Lourinhã,https://www.facebook.com/municipiodalourinha/,,,,,,,,,,,
LISBOA,Mafra,http://www.cm-mafra.pt,https://arquivo.pt/wayback/http://www.cm-mafra.pt,Mafra,https://www.facebook.com/camaramunicipaldemafra/,,,,,,,,,,,
LISBOA,Odivelas,http://www.cm-odivelas.pt,https://arquivo.pt/wayback/http://www.cm-odivelas.pt,Odivelas,https://www.facebook.com/cmodivelas/,,,,,,,,,,,
LISBOA,Oeiras,http://www.cm-oeiras.pt,https://arquivo.pt/wayback/http://www.cm-oeiras.pt,Oeiras,https://www.facebook.com/MunicipiodeOeiras/,,,,,,,,,,,
LISBOA,Sintra,http://www.cm-sintra.pt,https://arquivo.pt/wayback/http://www.cm-sintra.pt,Sintra,https://www.facebook.com/camaradesintra/,,,,,,,,,,,
LISBOA,Sobral de Monte Agraço,http://www.cm-sobral.pt,https://arquivo.pt/wayback/http://www.cm-sobral.pt,Sobral de Monte Agraço,https://www.facebook.com/camaramunicipalsobral/,,,,,,,,,,,
LISBOA,Torres Vedras,http://www.cm-tvedras.pt,https://arquivo.pt/wayback/http://www.cm-tvedras.pt,Torres Vedras,https://www.facebook.com/TorresVedrasCM/,,,,,,,,,,,
LISBOA,Vila Franca de Xira,http://www.cm-vfxira.pt,https://arquivo.pt/wayback/http://www.cm-vfxira.pt,Vila Franca de Xira,https://www.facebook.com/vilafrancaxira/,,,,,,,,,,,
MADEIRA,Calheta (Madeira),http://www.cmcalheta.pt,https://arquivo.pt/wayback/http://www.cmcalheta.pt,Calheta (Madeira),https://www.facebook.com/cmcalheta,,,,,,,,,,,
MADEIRA,Câmara de Lobos,http://www.cm-camaradelobos.pt,https://arquivo.pt/wayback/http://www.cm-camaradelobos.pt,Câmara de Lobos,https://www.facebook.com/municipiodecamaradelobos,,,,,,,,,,,
MADEIRA,Funchal,http://www.cm-funchal.pt,https://arquivo.pt/wayback/http://www.cm-funchal.pt,Funchal,https://www.facebook.com/camaramunicipaldofunchal/,,,,,,,,,,,
MADEIRA,Machico,http://www.cm-machico.pt,https://arquivo.pt/wayback/http://www.cm-machico.pt,Machico,https://www.facebook.com/cmmachico/,,,,,,,,,,,
MADEIRA,Ponta do Sol,http://www.cm-pontadosol.pt/,https://arquivo.pt/wayback/http://www.cm-pontadosol.pt/,Ponta do Sol,https://www.facebook.com/MunicipioPontaSol/,,,,,,,,,,,
MADEIRA,Porto Moniz,http://www.portomoniz.pt,https://arquivo.pt/wayback/http://www.portomoniz.pt,Porto Moniz,https://www.facebook.com/portomoniz.pt/,,,,,,,,,,,
MADEIRA,Porto Santo,http://www.cm-portosanto.pt,https://arquivo.pt/wayback/http://www.cm-portosanto.pt,Porto Santo,https://www.facebook.com/municipioportosanto/,,,,,,,,,,,
MADEIRA,Ribeira Brava,http://www.cm-ribeirabrava.pt,https://arquivo.pt/wayback/http://www.cm-ribeirabrava.pt,Ribeira Brava,https://www.facebook.com/camaramunicipaldaribeirabrava/,,,,,,,,,,,
MADEIRA,Santa Cruz,http://www.cm-santacruz.pt,https://arquivo.pt/wayback/http://www.cm-santacruz.pt,Santa Cruz,https://www.facebook.com/municipio.desantacruz.7/,,,,,,,,,,,
MADEIRA,Santana,http://www.cm-santana.com,https://arquivo.pt/wayback/http://www.cm-santana.com,Santana,https://www.facebook.com/municipiodesantana/,,,,,,,,,,,
MADEIRA,São Vicente,http://www.cm-saovicente.pt/,https://arquivo.pt/wayback/http://www.cm-saovicente.pt/,São Vicente,https://www.facebook.com/groups/s.vicente/,,,,,,,,,,,
MESÃO FRIO,Mesão Frio,http://www.cm-mesaofrio.pt,https://arquivo.pt/wayback/http://www.cm-mesaofrio.pt,Mesão Frio,https://www.facebook.com/aportadodouro/,,,,,,,,,,,
PORTALEGRE,Alter do Chão,http://www.cm-alter-chao.pt,https://arquivo.pt/wayback/http://www.cm-alter-chao.pt,Alter do Chão,https://www.facebook.com/MunicipioDeAlterDoChao/,,,,,,,,,,,
PORTALEGRE,Arronches,http://www.cm-arronches.pt,https://arquivo.pt/wayback/http://www.cm-arronches.pt,Arronches,https://www.facebook.com/municipiodearronches/,,,,,,,,,,,
PORTALEGRE,Avis,https://www.cm-avis.pt,https://arquivo.pt/wayback/https://www.cm-avis.pt,Avis,https://www.facebook.com/municipiodeavis/,,,,,,,,,,,
PORTALEGRE,Campo Maior,http://www.cm-campo-maior.pt/,https://arquivo.pt/wayback/http://www.cm-campo-maior.pt/,Campo Maior,https://www.facebook.com/Municipio.Campo.Maior/,,,,,,,,,,,
PORTALEGRE,Castelo de Vide,http://www.cm-castelo-vide.pt,https://arquivo.pt/wayback/http://www.cm-castelo-vide.pt,Castelo de Vide,https://www.facebook.com/castelodevide/,,,,,,,,,,,
PORTALEGRE,Crato,http://www.cm-crato.pt,https://arquivo.pt/wayback/http://www.cm-crato.pt,Crato,https://www.facebook.com/municipiodocrato/,,,,,,,,,,,
PORTALEGRE,Elvas,https://www.cm-elvas.pt/,https://arquivo.pt/wayback/https://www.cm-elvas.pt/,Elvas,https://www.facebook.com/MunicipioElvas/,,,,,,,,,,,
PORTALEGRE,Fronteira,http://www.cm-fronteira.pt,https://arquivo.pt/wayback/http://www.cm-fronteira.pt,Fronteira,https://www.facebook.com/municipiodefronteira/,,,,,,,,,,,
PORTALEGRE,Gavião,http://www.cm-gaviao.pt,https://arquivo.pt/wayback/http://www.cm-gaviao.pt,Gavião,https://www.facebook.com/MunicipioDeGaviao/,,,,,,,,,,,
PORTALEGRE,Marvão,http://www.cm-marvao.pt,https://arquivo.pt/wayback/http://www.cm-marvao.pt,Marvão,https://www.facebook.com/cmmarvao/,,,,,,,,,,,
PORTALEGRE,Monforte,http://www.cm-monforte.pt,https://arquivo.pt/wayback/http://www.cm-monforte.pt,Monforte,https://www.facebook.com/municipiodemonforte/,,,,,,,,,,,
PORTALEGRE,Nisa,http://www.cm-nisa.pt,https://arquivo.pt/wayback/http://www.cm-nisa.pt,Nisa,https://www.facebook.com/municipionisa/,,,,,,,,,,,
PORTALEGRE,Ponte de Sor,http://www.cm-pontedesor.pt,https://arquivo.pt/wayback/http://www.cm-pontedesor.pt,Ponte de Sor,https://www.facebook.com/municipio.pontedesor/,,,,,,,,,,,
PORTALEGRE,Portalegre,http://www.cm-portalegre.pt,https://arquivo.pt/wayback/http://www.cm-portalegre.pt,Portalegre,https://www.facebook.com/Municipio.de.Portalegre/,,,,,,,,,,,
PORTALEGRE,Sousel,http://www.cm-sousel.pt,https://arquivo.pt/wayback/http://www.cm-sousel.pt,Sousel,https://www.facebook.com/Município-de-Sousel-177587342280615/,,,,,,,,,,,
PORTO,Amarante,http://www.cm-amarante.pt,https://arquivo.pt/wayback/http://www.cm-amarante.pt,Amarante,https://www.facebook.com/municipiodeamarante/,,,,,,,,,,,
PORTO,Baião,http://www.cm-baiao.pt,https://arquivo.pt/wayback/http://www.cm-baiao.pt,Baião,https://www.facebook.com/municipio.baiao/,,,,,,,,,,,
PORTO,Felgueiras,http://www.cm-felgueiras.pt,https://arquivo.pt/wayback/http://www.cm-felgueiras.pt,Felgueiras,https://www.facebook.com/cmfelgueiras/,,,,,,,,,,,
PORTO,Gondomar,http://www.cm-gondomar.pt,https://arquivo.pt/wayback/http://www.cm-gondomar.pt,Gondomar,https://www.facebook.com/CamaraMunicipalGondomar/,,,,,,,,,,,
PORTO,Lousada,https://www.cm-lousada.pt/,https://arquivo.pt/wayback/https://www.cm-lousada.pt/,Lousada,https://www.facebook.com/cmlousada/,,,,,,,,,,,
PORTO,Maia,http://www.cm-maia.pt,https://arquivo.pt/wayback/http://www.cm-maia.pt,Maia,https://www.facebook.com/municipiomaia/,,,,,,,,,,,
PORTO,Marco de Canaveses,http://www.cm-marco-canaveses.pt,https://arquivo.pt/wayback/http://www.cm-marco-canaveses.pt,Marco de Canaveses,https://www.facebook.com/cmmarcodecanaveses/,,,,,,,,,,,
PORTO,Matosinhos,http://www.cm-matosinhos.pt,https://arquivo.pt/wayback/http://www.cm-matosinhos.pt,Matosinhos,https://www.facebook.com/CamaraMunicipalMatosinhos/,,,,,,,,,,,
PORTO,Paços de Ferreira,http://www.cm-pacosdeferreira.pt,https://arquivo.pt/wayback/http://www.cm-pacosdeferreira.pt,Paços de Ferreira,https://www.facebook.com/municipiopacosdeferreira/,,,,,,,,,,,
PORTO,Paredes,http://www.cm-paredes.pt,https://arquivo.pt/wayback/http://www.cm-paredes.pt,Paredes,https://www.facebook.com/municipioparedes/,,,,,,,,,,,
PORTO,Penafiel,http://www.cm-penafiel.pt,https://arquivo.pt/wayback/http://www.cm-penafiel.pt,Penafiel,https://www.facebook.com/municipiopenafiel/,,,,,,,,,,,
PORTO,Porto,http://www.cm-porto.pt,https://arquivo.pt/wayback/http://www.cm-porto.pt,Porto,https://www.facebook.com/CamaraMunicipaldoPorto/,,,,,,,,,,,
PORTO,Póvoa de Varzim,http://www.cm-pvarzim.pt,https://arquivo.pt/wayback/http://www.cm-pvarzim.pt,Póvoa de Varzim,https://www.facebook.com/cmpovoadevarzim/,,,,,,,,,,,
PORTO,Santo Tirso,http://www.cm-stirso.pt,https://arquivo.pt/wayback/http://www.cm-stirso.pt,Santo Tirso,https://www.facebook.com/CMSantoTirso/,,,,,,,,,,,
PORTO,Trofa,http://www.mun-trofa.pt,https://arquivo.pt/wayback/http://www.mun-trofa.pt,Trofa,https://www.facebook.com/cmtrofa,,,,,,,,,,,
PORTO,Valongo,http://www.cm-valongo.pt,https://arquivo.pt/wayback/http://www.cm-valongo.pt,Valongo,https://www.facebook.com/municipiodevalongo/,,,,,,,,,,,
PORTO,Vila do Conde,http://www.cm-viladoconde.pt,https://arquivo.pt/wayback/http://www.cm-viladoconde.pt,Vila do Conde,https://www.facebook.com/cm.viladoconde/,,,,,,,,,,,
PORTO,Vila Nova de Gaia,http://www.cm-gaia.pt,https://arquivo.pt/wayback/http://www.cm-gaia.pt,Vila Nova de Gaia,https://www.facebook.com/presidentecamaragaia/,,,,,,,,,,,
SANTARÉM,Abrantes,http://www.cm-abrantes.pt,https://arquivo.pt/wayback/http://www.cm-abrantes.pt,Abrantes,https://www.facebook.com/Município-de-Abrantes-217456031598959/,,,,,,,,,,,
SANTARÉM,Alcanena,http://www.cm-alcanena.pt,https://arquivo.pt/wayback/http://www.cm-alcanena.pt,Alcanena,https://www.facebook.com/CMAlcanena/,,,,,,,,,,,
SANTARÉM,Almeirim,http://www.cm-almeirim.pt,https://arquivo.pt/wayback/http://www.cm-almeirim.pt,Almeirim,https://www.facebook.com/MunicipioAlmeirim/,,,,,,,,,,,
SANTARÉM,Alpiarça,http://www.cm-alpiarca.pt,https://arquivo.pt/wayback/http://www.cm-alpiarca.pt,Alpiarça,https://www.facebook.com/Alpiarca/,,,,,,,,,,,
SANTARÉM,Benavente,http://www.cm-benavente.pt,https://arquivo.pt/wayback/http://www.cm-benavente.pt,Benavente,https://www.facebook.com/cmbnv/,,,,,,,,,,,
SANTARÉM,Cartaxo,http://www.cm-cartaxo.pt,https://arquivo.pt/wayback/http://www.cm-cartaxo.pt,Cartaxo,https://www.facebook.com/MunicipioCartaxo/,,,,,,,,,,,
SANTARÉM,Chamusca,http://www.cm-chamusca.pt,https://arquivo.pt/wayback/http://www.cm-chamusca.pt,Chamusca,https://www.facebook.com/chamusca/,,,,,,,,,,,
SANTARÉM,Constância,http://www.cm-constancia.pt,https://arquivo.pt/wayback/http://www.cm-constancia.pt,Constância,https://www.facebook.com/Munic%C3%ADpio-de-Const%C3%A2ncia-301470016562254/,,,,,,,,,,,
SANTARÉM,Coruche,http://www.cm-coruche.pt,https://arquivo.pt/wayback/http://www.cm-coruche.pt,Coruche,https://www.facebook.com/municipiocoruche/,,,,,,,,,,,
SANTARÉM,Entroncamento,http://www.cm-entroncamento.pt,https://arquivo.pt/wayback/http://www.cm-entroncamento.pt,Entroncamento,https://www.facebook.com/cmentroncamento/,,,,,,,,,,,
SANTARÉM,Ferreira do Zêzere,http://www.cm-ferreiradozezere.pt,https://arquivo.pt/wayback/http://www.cm-ferreiradozezere.pt,Ferreira do Zêzere,,,,,,,,,,,,
SANTARÉM,Mação,http://www.cm-macao.pt,https://arquivo.pt/wayback/http://www.cm-macao.pt,Mação,https://www.facebook.com/Munic%C3%ADpio-de-Ma%C3%A7%C3%A3o-776941235666118/,,,,,,,,,,,
SANTARÉM,Ourém,http://www.cm-ourem.pt,https://arquivo.pt/wayback/http://www.cm-ourem.pt,Ourém,https://www.facebook.com/municipiodeourem/,,,,,,,,,,,
SANTARÉM,Rio Maior,http://www.cm-riomaior.pt,https://arquivo.pt/wayback/http://www.cm-riomaior.pt,Rio Maior,https://www.facebook.com/municipioderiomaior/,,,,,,,,,,,
SANTARÉM,Salvaterra de Magos,http://www.cm-salvaterrademagos.pt,https://arquivo.pt/wayback/http://www.cm-salvaterrademagos.pt,Salvaterra de Magos,https://www.facebook.com/municipiodesalvaterrademagos/,,,,,,,,,,,
SANTARÉM,Santarém,http://www.cm-santarem.pt,https://arquivo.pt/wayback/http://www.cm-santarem.pt,Santarém,https://www.facebook.com/CamaraMunicipaldeSantarem/,,,,,,,,,,,
SANTARÉM,Sardoal,http://www.cm-sardoal.pt,https://arquivo.pt/wayback/http://www.cm-sardoal.pt,Sardoal,https://www.facebook.com/MunicipiodeSardoal/,,,,,,,,,,,
SANTARÉM,Tomar,http://www.cm-tomar.pt,https://arquivo.pt/wayback/http://www.cm-tomar.pt,Tomar,https://www.facebook.com/municipiotomar/,,,,,,,,,,,
SANTARÉM,Torres Novas,http://www.cm-torresnovas.pt,https://arquivo.pt/wayback/http://www.cm-torresnovas.pt,Torres Novas,https://www.facebook.com/municipiodetorresnovas/,,,,,,,,,,,
SANTARÉM,Vila Nova da Barquinha,http://www.cm-vnbarquinha.pt,https://arquivo.pt/wayback/http://www.cm-vnbarquinha.pt,Vila Nova da Barquinha,https://www.facebook.com/cm.vnbarquinha/,,,,,,,,,,,
SETÚBAL,Alcácer do Sal,http://www.cm-alcacerdosal.pt,https://arquivo.pt/wayback/http://www.cm-alcacerdosal.pt,Alcácer do Sal,https://www.facebook.com/CMAlcacerdosal/,,,,,,,,,,,
SETÚBAL,Alcochete,http://www.cm-alcochete.pt,https://arquivo.pt/wayback/http://www.cm-alcochete.pt,Alcochete,https://www.facebook.com/CamaraMunicipalAlcochete/,,,,,,,,,,,
SETÚBAL,Almada,http://www.m-almada.pt,https://arquivo.pt/wayback/http://www.m-almada.pt,Almada,https://www.facebook.com/cmalmada/,,,,,,,,,,,
SETÚBAL,Grândola,https://www.cm-grandola.pt/,https://arquivo.pt/wayback/https://www.cm-grandola.pt/,Grândola,https://www.facebook.com/grandolamunicipio/,,,,,,,,,,,
SETÚBAL,Moita,http://www.cm-moita.pt,https://arquivo.pt/wayback/http://www.cm-moita.pt,Moita,https://www.facebook.com/cmmoita/,,,,,,,,,,,
SETÚBAL,Montijo,http://www.mun-montijo.pt,https://arquivo.pt/wayback/http://www.mun-montijo.pt,Montijo,https://www.facebook.com/cmmontijo/,,,,,,,,,,,
SETÚBAL,Palmela,http://www.cm-palmela.pt,https://arquivo.pt/wayback/http://www.cm-palmela.pt,Palmela,https://www.facebook.com/cataventopalmela,,,,,,,,,,,
SETÚBAL,Santiago do Cacém,http://www.cm-santiagocacem.pt,https://arquivo.pt/wayback/http://www.cm-santiagocacem.pt,Santiago do Cacém,https://www.facebook.com/munsantiagocacem/,,,,,,,,,,,
SETÚBAL,Seixal,http://www.cm-seixal.pt,https://arquivo.pt/wayback/http://www.cm-seixal.pt,Seixal,https://www.facebook.com/municipioseixal/,,,,,,,,,,,
SETÚBAL,Sesimbra,http://www.cm-sesimbra.pt,https://arquivo.pt/wayback/http://www.cm-sesimbra.pt,Sesimbra,https://www.facebook.com/CamaraMunicipalSesimbra/,,,,,,,,,,,
SETÚBAL,Setúbal,http://www.mun-setubal.pt,https://arquivo.pt/wayback/http://www.mun-setubal.pt,Setúbal,https://www.facebook.com/municipiodesetubal/,,,,,,,,,,,
SETÚBAL,Sines,http://www.sines.pt,https://arquivo.pt/wayback/http://www.sines.pt,Sines,https://www.facebook.com/municipiodesines/,,,,,,,,,,,
VIANA DO CASTELO,Arcos de Valdevez,http://www.cmav.pt,https://arquivo.pt/wayback/http://www.cmav.pt,Arcos de Valdevez,https://www.facebook.com/CmavArcosDeValdevez/,,,,,,,,,,,
VIANA DO CASTELO,Caminha,http://www.cm-caminha.pt,https://arquivo.pt/wayback/http://www.cm-caminha.pt,Caminha,https://www.facebook.com/caminhamun,,,,,,,,,,,
VIANA DO CASTELO,Melgaço,http://www.cm-melgaco.pt,https://arquivo.pt/wayback/http://www.cm-melgaco.pt,Melgaço,https://www.facebook.com/municipiodemelgaco/,,,,,,,,,,,
VIANA DO CASTELO,Monção,http://www.cm-moncao.pt,https://arquivo.pt/wayback/http://www.cm-moncao.pt,Monção,https://www.facebook.com/municipiodemoncao/,,,,,,,,,,,
VIANA DO CASTELO,Paredes de Coura,http://www.cm-paredes-coura.pt,https://arquivo.pt/wayback/http://www.cm-paredes-coura.pt,Paredes de Coura,https://www.facebook.com/municipioparedesdecoura/,,,,,,,,,,,
VIANA DO CASTELO,Ponte da Barca,http://www.cmpb.pt,https://arquivo.pt/wayback/http://www.cmpb.pt,Ponte da Barca,https://www.facebook.com/cmpbarca/,,,,,,,,,,,
VIANA DO CASTELO,Ponte de Lima,http://www.cm-pontedelima.pt,https://arquivo.pt/wayback/http://www.cm-pontedelima.pt,Ponte de Lima,https://www.facebook.com/municipiopontedelima/,,,,,,,,,,,
VIANA DO CASTELO,Valença,http://www.cm-valenca.pt,https://arquivo.pt/wayback/http://www.cm-valenca.pt,Valença,https://www.facebook.com/municipiodevalenca/,,,,,,,,,,,
VIANA DO CASTELO,Viana do Castelo,http://www.cm-viana-castelo.pt,https://arquivo.pt/wayback/http://www.cm-viana-castelo.pt,Viana do Castelo,https://www.facebook.com/gabinete.deimprensa/,,,,,,,,,,,
VIANA DO CASTELO,Vila Nova de Cerveira,http://www.cm-vncerveira.pt,https://arquivo.pt/wayback/http://www.cm-vncerveira.pt,Vila Nova de Cerveira,https://www.facebook.com/VilaNovaDeCerveira/,,,,,,,,,,,
VILA REAL,Alijó,http://www.cm-alijo.pt,https://arquivo.pt/wayback/http://www.cm-alijo.pt,Alijó,https://www.facebook.com/municipioalijo/,,,,,,,,,,,
VILA REAL,Boticas,http://www.cm-boticas.pt,https://arquivo.pt/wayback/http://www.cm-boticas.pt,Boticas,https://www.facebook.com/boticas/,,,,,,,,,,,
VILA REAL,Chaves,http://www.chaves.pt,https://arquivo.pt/wayback/http://www.chaves.pt,Chaves,https://www.facebook.com/municipiodechaves/,,,,,,,,,,,
VILA REAL,Mondim de Basto,http://www.cm-mondimdebasto.pt,https://arquivo.pt/wayback/http://www.cm-mondimdebasto.pt,Mondim de Basto,https://www.facebook.com/mondimdebasto.municipio/,,,,,,,,,,,
VILA REAL,Montalegre,http://www.cm-montalegre.pt,https://arquivo.pt/wayback/http://www.cm-montalegre.pt,Montalegre,https://www.facebook.com/MunicipioMontalegre/,,,,,,,,,,,
VILA REAL,Murça,http://www.cm-murca.pt,https://arquivo.pt/wayback/http://www.cm-murca.pt,Murça,https://www.facebook.com/cmmurca.pt/,,,,,,,,,,,
VILA REAL,Peso da Régua,http://www.cm-pesoregua.pt,https://arquivo.pt/wayback/http://www.cm-pesoregua.pt,Peso da Régua,https://www.facebook.com/MunicipioPesodaRegua/,,,,,,,,,,,
VILA REAL,Ribeira de Pena,http://www.cm-rpena.pt,https://arquivo.pt/wayback/http://www.cm-rpena.pt,Ribeira de Pena,https://www.facebook.com/municipioderibeiradepena/,,,,,,,,,,,
VILA REAL,Sabrosa,http://www.cm-sabrosa.pt,https://arquivo.pt/wayback/http://www.cm-sabrosa.pt,Sabrosa,https://www.facebook.com/municipiosabrosa/,,,,,,,,,,,
VILA REAL,Santa Marta de Penaguião,http://www.cm-smpenaguiao.pt,https://arquivo.pt/wayback/http://www.cm-smpenaguiao.pt,Santa Marta de Penaguião,https://www.facebook.com/santamartapenaguiao/,,,,,,,,,,,
VILA REAL,Valpaços,http://www.valpacos.pt,https://arquivo.pt/wayback/http://www.valpacos.pt,Valpaços,https://www.facebook.com/municipiodevalpacos/,,,,,,,,,,,
VILA REAL,Vila Pouca de Aguiar,http://www.cm-vpaguiar.pt,https://arquivo.pt/wayback/http://www.cm-vpaguiar.pt,Vila Pouca de Aguiar,https://www.facebook.com/municipiodevilapoucadeaguiar/,,,,,,,,,,,
VILA REAL,Vila Real,http://www.cm-vilareal.pt,https://arquivo.pt/wayback/http://www.cm-vilareal.pt,Vila Real,https://www.facebook.com/municipiovilareal/,,,,,,,,,,,
VISEU,Armamar,http://www.cm-armamar.pt,https://arquivo.pt/wayback/http://www.cm-armamar.pt,Armamar,https://www.facebook.com/armamarterradeemocoes/,,,,,,,,,,,
VISEU,Carregal do Sal,http://www.carregal-digital.pt,https://arquivo.pt/wayback/http://www.carregal-digital.pt,Carregal do Sal,https://www.facebook.com/CMCarregal/,,,,,,,,,,,
VISEU,Castro Daire,http://www.cm-castrodaire.pt,https://arquivo.pt/wayback/http://www.cm-castrodaire.pt,Castro Daire,https://www.facebook.com/MunicipioCDR/,,,,,,,,,,,
VISEU,Cinfães,http://www.cm-cinfaes.pt,https://arquivo.pt/wayback/http://www.cm-cinfaes.pt,Cinfães,https://www.facebook.com/cmcinfaes/,,,,,,,,,,,
VISEU,Lamego,http://www.cm-lamego.pt,https://arquivo.pt/wayback/http://www.cm-lamego.pt,Lamego,https://www.facebook.com/Município-de-Lamego-296667217098588/,,,,,,,,,,,
VISEU,Mangualde,http://www.cmmangualde.pt,https://arquivo.pt/wayback/http://www.cmmangualde.pt,Mangualde,https://www.facebook.com/municipiomangualde/,,,,,,,,,,,
VISEU,Moimenta da Beira,http://www.cm-moimenta.pt,https://arquivo.pt/wayback/http://www.cm-moimenta.pt,Moimenta da Beira,,,,,,,,,,,,
VISEU,Mortágua,http://www.cm-mortagua.pt,https://arquivo.pt/wayback/http://www.cm-mortagua.pt,Mortágua,https://www.facebook.com/Município-de-Mortágua-266947950139590/,,,,,,,,,,,
VISEU,Nelas,http://www.cm-nelas.pt,https://arquivo.pt/wayback/http://www.cm-nelas.pt,Nelas,https://www.facebook.com/municipio.nelas/,,,,,,,,,,,
VISEU,Oliveira de Frades,http://www.cm-ofrades.com,https://arquivo.pt/wayback/http://www.cm-ofrades.com,Oliveira de Frades,https://www.facebook.com/Município-de-Oliveira-de-Frades-212041222283899/,,,,,,,,,,,
VISEU,Penalva do Castelo,http://www.cm-penalvadocastelo.pt/,https://arquivo.pt/wayback/http://www.cm-penalvadocastelo.pt/,Penalva do Castelo,,,,,,,,,,,,
VISEU,Penedono,http://www.cm-penedono.pt,https://arquivo.pt/wayback/http://www.cm-penedono.pt,Penedono,https://www.facebook.com/municipio.penedono/,,,,,,,,,,,
VISEU,Resende,http://www.cm-resende.pt,https://arquivo.pt/wayback/http://www.cm-resende.pt,Resende,https://www.facebook.com/camaraderesende/,,,,,,,,,,,
VISEU,Santa Comba Dão,http://www.cm-santacombadao.pt,https://arquivo.pt/wayback/http://www.cm-santacombadao.pt,Santa Comba Dão,https://www.facebook.com/cmscdao/,,,,,,,,,,,
VISEU,São João da Pesqueira,http://www.sjpesqueira.pt,https://arquivo.pt/wayback/http://www.sjpesqueira.pt,São João da Pesqueira,https://www.facebook.com/sjpesqueira/,,,,,,,,,,,
VISEU,São Pedro do Sul,http://www.cm-spsul.pt,https://arquivo.pt/wayback/http://www.cm-spsul.pt,São Pedro do Sul,https://www.facebook.com/cmspsul/,,,,,,,,,,,
VISEU,Sátão,http://www.cm-satao.pt,https://arquivo.pt/wayback/http://www.cm-satao.pt,Sátão,https://www.facebook.com/municipio.de.satao/,,,,,,,,,,,
VISEU,Sernancelhe,http://www.cm-sernancelhe.pt,https://arquivo.pt/wayback/http://www.cm-sernancelhe.pt,Sernancelhe,,,,,,,,,,,,
VISEU,Tabuaço,http://www.cm-tabuaco.pt,https://arquivo.pt/wayback/http://www.cm-tabuaco.pt,Tabuaço,https://www.facebook.com/CMTabuaco/,,,,,,,,,,,
VISEU,Tarouca,http://www.cm-tarouca.pt,https://arquivo.pt/wayback/http://www.cm-tarouca.pt,Tarouca,https://www.facebook.com/municipiodetarouca/,,,,,,,,,,,
VISEU,Tondela,http://www.cm-tondela.pt,https://arquivo.pt/wayback/http://www.cm-tondela.pt,Tondela,https://www.facebook.com/municipiodetondela/,,,,,,,,,,,
VISEU,Vila Nova de Paiva,http://www.cm-vnpaiva.pt,https://arquivo.pt/wayback/http://www.cm-vnpaiva.pt,Vila Nova de Paiva,https://www.facebook.com/mvnpaiva/,,,,,,,,,,,
VISEU,Viseu,http://www.cm-viseu.pt,https://arquivo.pt/wayback/http://www.cm-viseu.pt,Viseu,https://www.facebook.com/municipioviseu/,,,,,,,,,,,
VISEU,Vouzela,http://www.cm-vouzela.pt,https://arquivo.pt/wayback/http://www.cm-vouzela.pt,Vouzela,https://www.facebook.com/cmvouzela/,,,,,,,,,,,
,,,,,,,,,,,,,,,,
,,,,,,,,,,,,,,,,
,,,,,,,,,,,,,,,,
,,,,,,,,,,,,,,,,
,,,,,,,,,,,,,,,,
,,,,,,,,,,,,,,,,
,,,,,,,,,,,,,,,,
,,,,,,,,,,,,,,,,
,,,,,,,,,,,,,,,,
,,,,,,,,,,,,,,,,
,,,,,,,,,,,,,,,,
,,,,,,,,,,,,,,,,
,,,,,,,,,,,,,,,,
,,,,,,,,,,,,,,,,
,,,,,,,,,,,,,,,,
,,,,,,,,,,,,,,,,
,,,,,,,,,,,,,,,,
,,,,,,,,,,,,,,,,
,,,,,,,,,,,,,,,,
,,,,,,,,,,,,,,,,
,,,,,,,,,,,,,,,,
,,,,,,,,,,,,,,,,
,,,,,,,,,,,,,,,,
,,,,,,,,,,,,,,,,
,,,,,,,,,,,,,,,,
,,,,,,,,,,,,,,,,
,,,,,,,,,,,,,,,,
,,,,,,,,,,,,,,,,
,,,,,,,,,,,,,,,,
,,,,,,,,,,,,,,,,
,,,,,,,,,,,,,,,,
,,,,,,,,,,,,,,,,
,,,,,,,,,,,,,,,,
,,,,,,,,,,,,,,,,
,,,,,,,,,,,,,,,,
,,,,,,,,,,,,,,,,
,,,,,,,,,,,,,,,,
,,,,,,,,,,,,,,,,
,,,,,,,,,,,,,,,,
,,,,,,,,,,,,,,,,
,,,,,,,,,,,,,,,,
,,,,,,,,,,,,,,,,
,,,,,,,,,,,,,,,,
,,,,,,,,,,,,,,,,
,,,,,,,,,,,,,,,,
,,,,,,,,,,,,,,,,
,,,,,,,,,,,,,,,,
,,,,,,,,,,,,,,,,
,,,,,,,,,,,,,,,,
,,,,,,,,,,,,,,,,
,,,,,,,,,,,,,,,,
,,,,,,,,,,,,,,,,
,,,,,,,,,,,,,,,,
,,,,,,,,,,,,,,,,
,,,,,,,,,,,,,,,,
,,,,,,,,,,,,,,,,
,,,,,,,,,,,,,,,,
,,,,,,,,,,,,,,,,
,,,,,,,,,,,,,,,,
,,,,,,,,,,,,,,,,
,,,,,,,,,,,,,,,,
,,,,,,,,,,,,,,,,
,,,,,,,,,,,,,,,,
,,,,,,,,,,,,,,,,
,,,,,,,,,,,,,,,,
,,,,,,,,,,,,,,,,
,,,,,,,,,,,,,,,,
,,,,,,,,,,,,,,,,
,,,,,,,,,,,,,,,,
,,,,,,,,,,,,,,,,
,,,,,,,,,,,,,,,,
,,,,,,,,,,,,,,,,
,,,,,,,,,,,,,,,,
,,,,,,,,,,,,,,,,
,,,,,,,,,,,,,,,,
,,,,,,,,,,,,,,,,
,,,,,,,,,,,,,,,,
,,,,,,,,,,,,,,,,
,,,,,,,,,,,,,,,,
,,,,,,,,,,,,,,,,
,,,,,,,,,,,,,,,,
,,,,,,,,,,,,,,,,
,,,,,,,,,,,,,,,,
,,,,,,,,,,,,,,,,
,,,,,,,,,,,,,,,,
,,,,,,,,,,,,,,,,
,,,,,,,,,,,,,,,,
,,,,,,,,,,,,,,,,
,,,,,,,,,,,,,,,,
,,,,,,,,,,,,,,,,
,,,,,,,,,,,,,,,,
,,,,,,,,,,,,,,,,
,,,,,,,,,,,,,,,,
,,,,,,,,,,,,,,,,
,,,,,,,,,,,,,,,,
,,,,,,,,,,,,,,,,
,,,,,,,,,,,,,,,,
,,,,,,,,,,,,,,,,
,,,,,,,,,,,,,,,,
,,,,,,,,,,,,,,,,
,,,,,,,,,,,,,,,,
,,,,,,,,,,,,,,,,
,,,,,,,,,,,,,,,,
,,,,,,,,,,,,,,,,
,,,,,,,,,,,,,,,,
,,,,,,,,,,,,,,,,
,,,,,,,,,,,,,,,,
,,,,,,,,,,,,,,,,
,,,,,,,,,,,,,,,,
,,,,,,,,,,,,,,,,
,,,,,,,,,,,,,,,,
,,,,,,,,,,,,,,,,
,,,,,,,,,,,,,,,,
,,,,,,,,,,,,,,,,
,,,,,,,,,,,,,,,,
,,,,,,,,,,,,,,,,
,,,,,,,,,,,,,,,,
,,,,,,,,,,,,,,,,
,,,,,,,,,,,,,,,,
,,,,,,,,,,,,,,,,
,,,,,,,,,,,,,,,,
,,,,,,,,,,,,,,,,
,,,,,,,,,,,,,,,,
,,,,,,,,,,,,,,,,
,,,,,,,,,,,,,,,,
,,,,,,,,,,,,,,,,
,,,,,,,,,,,,,,,,
,,,,,,,,,,,,,,,,
,,,,,,,,,,,,,,,,
,,,,,,,,,,,,,,,,
,,,,,,,,,,,,,,,,
,,,,,,,,,,,,,,,,
,,,,,,,,,,,,,,,,
,,,,,,,,,,,,,,,,
,,,,,,,,,,,,,,,,
,,,,,,,,,,,,,,,,
,,,,,,,,,,,,,,,,
,,,,,,,,,,,,,,,,
,,,,,,,,,,,,,,,,
,,,,,,,,,,,,,,,,
,,,,,,,,,,,,,,,,
,,,,,,,,,,,,,,,,
,,,,,,,,,,,,,,,,
,,,,,,,,,,,,,,,,
,,,,,,,,,,,,,,,,
,,,,,,,,,,,,,,,,
,,,,,,,,,,,,,,,,
,,,,,,,,,,,,,,,,
,,,,,,,,,,,,,,,,
,,,,,,,,,,,,,,,,
,,,,,,,,,,,,,,,,
,,,,,,,,,,,,,,,,
,,,,,,,,,,,,,,,,
,,,,,,,,,,,,,,,,
,,,,,,,,,,,,,,,,
,,,,,,,,,,,,,,,,
,,,,,,,,,,,,,,,,
,,,,,,,,,,,,,,,,
,,,,,,,,,,,,,,,,
,,,,,,,,,,,,,,,,
,,,,,,,,,,,,,,,,
,,,,,,,,,,,,,,,,
,,,,,,,,,,,,,,,,
,,,,,,,,,,,,,,,,
,,,,,,,,,,,,,,,,
,,,,,,,,,,,,,,,,
,,,,,,,,,,,,,,,,
,,,,,,,,,,,,,,,,
,,,,,,,,,,,,,,,,
,,,,,,,,,,,,,,,,
,,,,,,,,,,,,,,,,
,,,,,,,,,,,,,,,,
,,,,,,,,,,,,,,,,
,,,,,,,,,,,,,,,,
,,,,,,,,,,,,,,,,
,,,,,,,,,,,,,,,,
,,,,,,,,,,,,,,,,
,,,,,,,,,,,,,,,,
,,,,,,,,,,,,,,,,
,,,,,,,,,,,,,,,,
,,,,,,,,,,,,,,,,
,,,,,,,,,,,,,,,,
,,,,,,,,,,,,,,,,
,,,,,,,,,,,,,,,,
,,,,,,,,,,,,,,,,
,,,,,,,,,,,,,,,,
,,,,,,,,,,,,,,,,
,,,,,,,,,,,,,,,,
,,,,,,,,,,,,,,,,
,,,,,,,,,,,,,,,,
,,,,,,,,,,,,,,,,
,,,,,,,,,,,,,,,,
,,,,,,,,,,,,,,,,
,,,,,,,,,,,,,,,,
,,,,,,,,,,,,,,,,
,,,,,,,,,,,,,,,,
,,,,,,,,,,,,,,,,
,,,,,,,,,,,,,,,,
,,,,,,,,,,,,,,,,
,,,,,,,,,,,,,,,,
,,,,,,,,,,,,,,,,
,,,,,,,,,,,,,,,,
,,,,,,,,,,,,,,,,
,,,,,,,,,,,,,,,,
,,,,,,,,,,,,,,,,
,,,,,,,,,,,,,,,,
,,,,,,,,,,,,,,,,
,,,,,,,,,,,,,,,,
,,,,,,,,,,,,,,,,
,,,,,,,,,,,,,,,,
,,,,,,,,,,,,,,,,
,,,,,,,,,,,,,,,,
,,,,,,,,,,,,,,,,
,,,,,,,,,,,,,,,,
,,,,,,,,,,,,,,,,
,,,,,,,,,,,,,,,,
,,,,,,,,,,,,,,,,
,,,,,,,,,,,,,,,,
,,,,,,,,,,,,,,,,
,,,,,,,,,,,,,,,,
,,,,,,,,,,,,,,,,
,,,,,,,,,,,,,,,,
,,,,,,,,,,,,,,,,
,,,,,,,,,,,,,,,,
,,,,,,,,,,,,,,,,
,,,,,,,,,,,,,,,,
,,,,,,,,,,,,,,,,
,,,,,,,,,,,,,,,,
,,,,,,,,,,,,,,,,
,,,,,,,,,,,,,,,,
,,,,,,,,,,,,,,,,
,,,,,,,,,,,,,,,,
,,,,,,,,,,,,,,,,
,,,,,,,,,,,,,,,,
,,,,,,,,,,,,,,,,
,,,,,,,,,,,,,,,,
,,,,,,,,,,,,,,,,
,,,,,,,,,,,,,,,,
,,,,,,,,,,,,,,,,
,,,,,,,,,,,,,,,,
,,,,,,,,,,,,,,,,
,,,,,,,,,,,,,,,,
,,,,,,,,,,,,,,,,
,,,,,,,,,,,,,,,,
,,,,,,,,,,,,,,,,
,,,,,,,,,,,,,,,,
,,,,,,,,,,,,,,,,
,,,,,,,,,,,,,,,,
,,,,,,,,,,,,,,,,
,,,,,,,,,,,,,,,,
,,,,,,,,,,,,,,,,
,,,,,,,,,,,,,,,,
,,,,,,,,,,,,,,,,
,,,,,,,,,,,,,,,,
,,,,,,,,,,,,,,,,
,,,,,,,,,,,,,,,,
,,,,,,,,,,,,,,,,
,,,,,,,,,,,,,,,,
,,,,,,,,,,,,,,,,
,,,,,,,,,,,,,,,,
,,,,,,,,,,,,,,,,
,,,,,,,,,,,,,,,,
,,,,,,,,,,,,,,,,
,,,,,,,,,,,,,,,,
,,,,,,,,,,,,,,,,
,,,,,,,,,,,,,,,,
,,,,,,,,,,,,,,,,
,,,,,,,,,,,,,,,,
,,,,,,,,,,,,,,,,
,,,,,,,,,,,,,,,,
,,,,,,,,,,,,,,,,
,,,,,,,,,,,,,,,,
,,,,,,,,,,,,,,,,
,,,,,,,,,,,,,,,,
,,,,,,,,,,,,,,,,
,,,,,,,,,,,,,,,,
,,,,,,,,,,,,,,,,
,,,,,,,,,,,,,,,,
,,,,,,,,,,,,,,,,
,,,,,,,,,,,,,,,,
,,,,,,,,,,,,,,,,
,,,,,,,,,,,,,,,,
,,,,,,,,,,,,,,,,
,,,,,,,,,,,,,,,,
,,,,,,,,,,,,,,,,
,,,,,,,,,,,,,,,,
,,,,,,,,,,,,,,,,
,,,,,,,,,,,,,,,,
,,,,,,,,,,,,,,,,
,,,,,,,,,,,,,,,,
,,,,,,,,,,,,,,,,
,,,,,,,,,,,,,,,,
,,,,,,,,,,,,,,,,
,,,,,,,,,,,,,,,,
,,,,,,,,,,,,,,,,
,,,,,,,,,,,,,,,,
,,,,,,,,,,,,,,,,
,,,,,,,,,,,,,,,,
,,,,,,,,,,,,,,,,
,,,,,,,,,,,,,,,,
,,,,,,,,,,,,,,,,
,,,,,,,,,,,,,,,,
,,,,,,,,,,,,,,,,
,,,,,,,,,,,,,,,,
,,,,,,,,,,,,,,,,
,,,,,,,,,,,,,,,,
,,,,,,,,,,,,,,,,
,,,,,,,,,,,,,,,,
,,,,,,,,,,,,,,,,
,,,,,,,,,,,,,,,,
,,,,,,,,,,,,,,,,
,,,,,,,,,,,,,,,,
,,,,,,,,,,,,,,,,
,,,,,,,,,,,,,,,,
,,,,,,,,,,,,,,,,
,,,,,,,,,,,,,,,,
,,,,,,,,,,,,,,,,
,,,,,,,,,,,,,,,,
,,,,,,,,,,,,,,,,
,,,,,,,,,,,,,,,,
,,,,,,,,,,,,,,,,
,,,,,,,,,,,,,,,,
,,,,,,,,,,,,,,,,
,,,,,,,,,,,,,,,,
,,,,,,,,,,,,,,,,
,,,,,,,,,,,,,,,,
,,,,,,,,,,,,,,,,
,,,,,,,,,,,,,,,,
,,,,,,,,,,,,,,,,
,,,,,,,,,,,,,,,,
,,,,,,,,,,,,,,,,
,,,,,,,,,,,,,,,,
,,,,,,,,,,,,,,,,
,,,,,,,,,,,,,,,,
,,,,,,,,,,,,,,,,
,,,,,,,,,,,,,,,,
,,,,,,,,,,,,,,,,
,,,,,,,,,,,,,,,,
,,,,,,,,,,,,,,,,
,,,,,,,,,,,,,,,,
,,,,,,,,,,,,,,,,
,,,,,,,,,,,,,,,,
,,,,,,,,,,,,,,,,
,,,,,,,,,,,,,,,,
,,,,,,,,,,,,,,,,
,,,,,,,,,,,,,,,,
,,,,,,,,,,,,,,,,
,,,,,,,,,,,,,,,,
,,,,,,,,,,,,,,,,
,,,,,,,,,,,,,,,,
,,,,,,,,,,,,,,,,
,,,,,,,,,,,,,,,,
,,,,,,,,,,,,,,,,
,,,,,,,,,,,,,,,,
,,,,,,,,,,,,,,,,
,,,,,,,,,,,,,,,,
,,,,,,,,,,,,,,,,
,,,,,,,,,,,,,,,,
,,,,,,,,,,,,,,,,
,,,,,,,,,,,,,,,,
,,,,,,,,,,,,,,,,
,,,,,,,,,,,,,,,,
,,,,,,,,,,,,,,,,
,,,,,,,,,,,,,,,,
,,,,,,,,,,,,,,,,
,,,,,,,,,,,,,,,,
,,,,,,,,,,,,,,,,
,,,,,,,,,,,,,,,,
,,,,,,,,,,,,,,,,
,,,,,,,,,,,,,,,,
,,,,,,,,,,,,,,,,
,,,,,,,,,,,,,,,,
,,,,,,,,,,,,,,,,
,,,,,,,,,,,,,,,,
,,,,,,,,,,,,,,,,
,,,,,,,,,,,,,,,,
,,,,,,,,,,,,,,,,
,,,,,,,,,,,,,,,,
,,,,,,,,,,,,,,,,
,,,,,,,,,,,,,,,,
,,,,,,,,,,,,,,,,
,,,,,,,,,,,,,,,,
,,,,,,,,,,,,,,,,
,,,,,,,,,,,,,,,,
,,,,,,,,,,,,,,,,
,,,,,,,,,,,,,,,,
,,,,,,,,,,,,,,,,
,,,,,,,,,,,,,,,,
,,,,,,,,,,,,,,,,
,,,,,,,,,,,,,,,,
,,,,,,,,,,,,,,,,
,,,,,,,,,,,,,,,,
,,,,,,,,,,,,,,,,
,,,,,,,,,,,,,,,,
,,,,,,,,,,,,,,,,
,,,,,,,,,,,,,,,,
,,,,,,,,,,,,,,,,
,,,,,,,,,,,,,,,,
,,,,,,,,,,,,,,,,
,,,,,,,,,,,,,,,,
,,,,,,,,,,,,,,,,
,,,,,,,,,,,,,,,,
,,,,,,,,,,,,,,,,
,,,,,,,,,,,,,,,,
,,,,,,,,,,,,,,,,
,,,,,,,,,,,,,,,,
,,,,,,,,,,,,,,,,
,,,,,,,,,,,,,,,,
,,,,,,,,,,,,,,,,
,,,,,,,,,,,,,,,,
,,,,,,,,,,,,,,,,
,,,,,,,,,,,,,,,,
,,,,,,,,,,,,,,,,
,,,,,,,,,,,,,,,,
,,,,,,,,,,,,,,,,
,,,,,,,,,,,,,,,,
,,,,,,,,,,,,,,,,
,,,,,,,,,,,,,,,,
,,,,,,,,,,,,,,,,
,,,,,,,,,,,,,,,,
,,,,,,,,,,,,,,,,
,,,,,,,,,,,,,,,,
,,,,,,,,,,,,,,,,
,,,,,,,,,,,,,,,,
,,,,,,,,,,,,,,,,
,,,,,,,,,,,,,,,,
,,,,,,,,,,,,,,,,
,,,,,,,,,,,,,,,,
,,,,,,,,,,,,,,,,
,,,,,,,,,,,,,,,,
,,,,,,,,,,,,,,,,
,,,,,,,,,,,,,,,,
,,,,,,,,,,,,,,,,
,,,,,,,,,,,,,,,,
,,,,,,,,,,,,,,,,
,,,,,,,,,,,,,,,,
,,,,,,,,,,,,,,,,
,,,,,,,,,,,,,,,,
,,,,,,,,,,,,,,,,
,,,,,,,,,,,,,,,,
,,,,,,,,,,,,,,,,
,,,,,,,,,,,,,,,,
,,,,,,,,,,,,,,,,
,,,,,,,,,,,,,,,,
,,,,,,,,,,,,,,,,
,,,,,,,,,,,,,,,,
,,,,,,,,,,,,,,,,
,,,,,,,,,,,,,,,,
,,,,,,,,,,,,,,,,
,,,,,,,,,,,,,,,,
,,,,,,,,,,,,,,,,
,,,,,,,,,,,,,,,,
,,,,,,,,,,,,,,,,
,,,,,,,,,,,,,,,,
,,,,,,,,,,,,,,,,
,,,,,,,,,,,,,,,,
,,,,,,,,,,,,,,,,
,,,,,,,,,,,,,,,,
,,,,,,,,,,,,,,,,
,,,,,,,,,,,,,,,,
,,,,,,,,,,,,,,,,
,,,,,,,,,,,,,,,,
,,,,,,,,,,,,,,,,
,,,,,,,,,,,,,,,,
,,,,,,,,,,,,,,,,
,,,,,,,,,,,,,,,,
,,,,,,,,,,,,,,,,
,,,,,,,,,,,,,,,,
,,,,,,,,,,,,,,,,
,,,,,,,,,,,,,,,,
,,,,,,,,,,,,,,,,
,,,,,,,,,,,,,,,,
,,,,,,,,,,,,,,,,
,,,,,,,,,,,,,,,,
,,,,,,,,,,,,,,,,
,,,,,,,,,,,,,,,,
,,,,,,,,,,,,,,,,
,,,,,,,,,,,,,,,,
,,,,,,,,,,,,,,,,
,,,,,,,,,,,,,,,,
,,,,,,,,,,,,,,,,
,,,,,,,,,,,,,,,,
,,,,,,,,,,,,,,,,
,,,,,,,,,,,,,,,,
,,,,,,,,,,,,,,,,
,,,,,,,,,,,,,,,,
,,,,,,,,,,,,,,,,
,,,,,,,,,,,,,,,,
,,,,,,,,,,,,,,,,
,,,,,,,,,,,,,,,,
,,,,,,,,,,,,,,,,
,,,,,,,,,,,,,,,,
,,,,,,,,,,,,,,,,
,,,,,,,,,,,,,,,,
,,,,,,,,,,,,,,,,
,,,,,,,,,,,,,,,,
,,,,,,,,,,,,,,,,
,,,,,,,,,,,,,,,,
,,,,,,,,,,,,,,,,
,,,,,,,,,,,,,,,,
,,,,,,,,,,,,,,,,
,,,,,,,,,,,,,,,,
,,,,,,,,,,,,,,,,
,,,,,,,,,,,,,,,,
,,,,,,,,,,,,,,,,
,,,,,,,,,,,,,,,,
,,,,,,,,,,,,,,,,
,,,,,,,,,,,,,,,,
,,,,,,,,,,,,,,,,
,,,,,,,,,,,,,,,,
,,,,,,,,,,,,,,,,
,,,,,,,,,,,,,,,,
,,,,,,,,,,,,,,,,
,,,,,,,,,,,,,,,,
,,,,,,,,,,,,,,,,
,,,,,,,,,,,,,,,,
,,,,,,,,,,,,,,,,
,,,,,,,,,,,,,,,,
,,,,,,,,,,,,,,,,
,,,,,,,,,,,,,,,,
,,,,,,,,,,,,,,,,
,,,,,,,,,,,,,,,,
,,,,,,,,,,,,,,,,
,,,,,,,,,,,,,,,,
,,,,,,,,,,,,,,,,
,,,,,,,,,,,,,,,,
,,,,,,,,,,,,,,,,
,,,,,,,,,,,,,,,,
,,,,,,,,,,,,,,,,
,,,,,,,,,,,,,,,,
,,,,,,,,,,,,,,,,
,,,,,,,,,,,,,,,,
,,,,,,,,,,,,,,,,
,,,,,,,,,,,,,,,,
,,,,,,,,,,,,,,,,
,,,,,,,,,,,,,,,,
,,,,,,,,,,,,,,,,
,,,,,,,,,,,,,,,,
,,,,,,,,,,,,,,,,
,,,,,,,,,,,,,,,,
,,,,,,,,,,,,,,,,
,,,,,,,,,,,,,,,,
,,,,,,,,,,,,,,,,
,,,,,,,,,,,,,,,,
,,,,,,,,,,,,,,,,
,,,,,,,,,,,,,,,,
,,,,,,,,,,,,,,,,
,,,,,,,,,,,,,,,,
,,,,,,,,,,,,,,,,
,,,,,,,,,,,,,,,,
,,,,,,,,,,,,,,,,
,,,,,,,,,,,,,,,,
,,,,,,,,,,,,,,,,
,,,,,,,,,,,,,,,,
,,,,,,,,,,,,,,,,
,,,,,,,,,,,,,,,,
,,,,,,,,,,,,,,,,
,,,,,,,,,,,,,,,,
,,,,,,,,,,,,,,,,
,,,,,,,,,,,,,,,,
,,,,,,,,,,,,,,,,
,,,,,,,,,,,,,,,,
,,,,,,,,,,,,,,,,
,,,,,,,,,,,,,,,,
,,,,,,,,,,,,,,,,
,,,,,,,,,,,,,,,,
,,,,,,,,,,,,,,,,
,,,,,,,,,,,,,,,,
,,,,,,,,,,,,,,,,
,,,,,,,,,,,,,,,,
,,,,,,,,,,,,,,,,
,,,,,,,,,,,,,,,,
,,,,,,,,,,,,,,,,
,,,,,,,,,,,,,,,,
,,,,,,,,,,,,,,,,
,,,,,,,,,,,,,,,,
,,,,,,,,,,,,,,,,
,,,,,,,,,,,,,,,,
,,,,,,,,,,,,,,,,
,,,,,,,,,,,,,,,,
,,,,,,,,,,,,,,,,
,,,,,,,,,,,,,,,,
,,,,,,,,,,,,,,,,
,,,,,,,,,,,,,,,,
,,,,,,,,,,,,,,,,
,,,,,,,,,,,,,,,,
,,,,,,,,,,,,,,,,
,,,,,,,,,,,,,,,,
,,,,,,,,,,,,,,,,
,,,,,,,,,,,,,,,,
,,,,,,,,,,,,,,,,
,,,,,,,,,,,,,,,,
,,,,,,,,,,,,,,,,
,,,,,,,,,,,,,,,,
,,,,,,,,,,,,,,,,
,,,,,,,,,,,,,,,,
,,,,,,,,,,,,,,,,
,,,,,,,,,,,,,,,,
,,,,,,,,,,,,,,,,
,,,,,,,,,,,,,,,,
,,,,,,,,,,,,,,,,
,,,,,,,,,,,,,,,,
,,,,,,,,,,,,,,,,
,,,,,,,,,,,,,,,,
,,,,,,,,,,,,,,,,
,,,,,,,,,,,,,,,,
,,,,,,,,,,,,,,,,
,,,,,,,,,,,,,,,,
,,,,,,,,,,,,,,,,
,,,,,,,,,,,,,,,,
,,,,,,,,,,,,,,,,
,,,,,,,,,,,,,,,,
,,,,,,,,,,,,,,,,
,,,,,,,,,,,,,,,,
,,,,,,,,,,,,,,,,
,,,,,,,,,,,,,,,,
,,,,,,,,,,,,,,,,
,,,,,,,,,,,,,,,,
,,,,,,,,,,,,,,,,
,,,,,,,,,,,,,,,,
,,,,,,,,,,,,,,,,
,,,,,,,,,,,,,,,,
,,,,,,,,,,,,,,,,
,,,,,,,,,,,,,,,,
,,,,,,,,,,,,,,,,
,,,,,,,,,,,,,,,,
,,,,,,,,,,,,,,,,
,,,,,,,,,,,,,,,,
,,,,,,,,,,,,,,,,
,,,,,,,,,,,,,,,,
,,,,,,,,,,,,,,,,
,,,,,,,,,,,,,,,,
,,,,,,,,,,,,,,,,
,,,,,,,,,,,,,,,,
,,,,,,,,,,,,,,,,
,,,,,,,,,,,,,,,,
,,,,,,,,,,,,,,,,
,,,,,,,,,,,,,,,,
,,,,,,,,,,,,,,,,
,,,,,,,,,,,,,,,,
,,,,,,,,,,,,,,,,
,,,,,,,,,,,,,,,,
,,,,,,,,,,,,,,,,
,,,,,,,,,,,,,,,,
,,,,,,,,,,,,,,,,
,,,,,,,,,,,,,,,,
,,,,,,,,,,,,,,,,
,,,,,,,,,,,,,,,,
,,,,,,,,,,,,,,,,
,,,,,,,,,,,,,,,,
,,,,,,,,,,,,,,,,
,,,,,,,,,,,,,,,,
,,,,,,,,,,,,,,,,
,,,,,,,,,,,,,,,,
,,,,,,,,,,,,,,,,
,,,,,,,,,,,,,,,,
,,,,,,,,,,,,,,,,
,,,,,,,,,,,,,,,,
,,,,,,,,,,,,,,,,
,,,,,,,,,,,,,,,,
,,,,,,,,,,,,,,,,
,,,,,,,,,,,,,,,,
,,,,,,,,,,,,,,,,
,,,,,,,,,,,,,,,,
,,,,,,,,,,,,,,,,
,,,,,,,,,,,,,,,,
,,,,,,,,,,,,,,,,
,,,,,,,,,,,,,,,,
,,,,,,,,,,,,,,,,
,,,,,,,,,,,,,,,,
,,,,,,,,,,,,,,,,
,,,,,,,,,,,,,,,,
,,,,,,,,,,,,,,,,
,,,,,,,,,,,,,,,,
,,,,,,,,,,,,,,,,
,,,,,,,,,,,,,,,,
,,,,,,,,,,,,,,,,
,,,,,,,,,,,,,,,,
,,,,,,,,,,,,,,,,
,,,,,,,,,,,,,,,,
,,,,,,,,,,,,,,,,
,,,,,,,,,,,,,,,,
,,,,,,,,,,,,,,,,
,,,,,,,,,,,,,,,,
,,,,,,,,,,,,,,,,
,,,,,,,,,,,,,,,,
,,,,,,,,,,,,,,,,
,,,,,,,,,,,,,,,,
,,,,,,,,,,,,,,,,
,,,,,,,,,,,,,,,,
,,,,,,,,,,,,,,,,
